{
  "integrations": [
    {
      "id": "0bbce5fa-a474-4a1a-80b7-4b45a140998d",
      "name": "Work Item Created - Assign to Me",
      "action": "RUN_SCRIPT",
      "type": "OUTBOUND_WEBHOOK",
      "triggeredBy": "RESPONSE",
      "responseChoice": "Assign to Me",
      "deployed": true,
      "form": "4e0fc1cc-48b8-4d86-aa5e-e97b2bd14e63",
      "environment": "HOSTED",
      "authType": "NONE",
      "createdBy": "FLOW"
    },
    {
      "id": "6d12498d-067e-4184-81f1-4e97bd0f26d1",
      "name": "Work Item Created - Azure DevOps - Work Item Event",
      "action": "RUN_SCRIPT",
      "type": "INBOUND_WEBHOOK",
      "deployed": true,
      "form": "4e0fc1cc-48b8-4d86-aa5e-e97b2bd14e63",
      "environment": "HOSTED",
      "authType": "API_KEY",
      "createdBy": "FLOW",
      "integrationScriptStepUuid": "1a30df06-2283-49ea-a918-afa22e20d4fc"
    },
    {
      "id": "6cffbb5b-b9ad-43cd-b2d7-5809483d2163",
      "name": "Work Item Created - Close Work Item",
      "action": "RUN_SCRIPT",
      "type": "OUTBOUND_WEBHOOK",
      "triggeredBy": "RESPONSE",
      "responseChoice": "Close Work Item",
      "deployed": true,
      "form": "4e0fc1cc-48b8-4d86-aa5e-e97b2bd14e63",
      "environment": "HOSTED",
      "authType": "NONE",
      "createdBy": "FLOW"
    },
    {
      "id": "cf8f56f1-474e-455f-b06f-44a51989ad23",
      "name": "Work Item Created - Create Related Task",
      "action": "RUN_SCRIPT",
      "type": "OUTBOUND_WEBHOOK",
      "triggeredBy": "RESPONSE",
      "responseChoice": "Create Related Task",
      "deployed": true,
      "form": "4e0fc1cc-48b8-4d86-aa5e-e97b2bd14e63",
      "environment": "HOSTED",
      "authType": "NONE",
      "createdBy": "FLOW"
    },
    {
      "id": "bb4873b5-0616-45dc-8090-76440e26c798",
      "name": "Work Item Created - Device Delivery Updates",
      "action": "RUN_SCRIPT",
      "type": "OUTBOUND_WEBHOOK",
      "triggeredBy": "DELIVERYSTATUS",
      "deployed": true,
      "form": "4e0fc1cc-48b8-4d86-aa5e-e97b2bd14e63",
      "environment": "HOSTED",
      "authType": "NONE",
      "createdBy": "FLOW"
    },
    {
      "id": "f7cd93e8-68b6-4c03-bbf0-3b3558615e10",
      "name": "Work Item Created - Dismiss",
      "action": "RUN_SCRIPT",
      "type": "OUTBOUND_WEBHOOK",
      "triggeredBy": "RESPONSE",
      "responseChoice": "Dismiss",
      "deployed": true,
      "form": "4e0fc1cc-48b8-4d86-aa5e-e97b2bd14e63",
      "environment": "HOSTED",
      "authType": "NONE",
      "createdBy": "FLOW"
    },
    {
      "id": "d3fddb9d-7ea8-4d59-b9f7-00b41d696b54",
      "name": "Work Item Created - Event Comments",
      "action": "RUN_SCRIPT",
      "type": "OUTBOUND_WEBHOOK",
      "triggeredBy": "ANNOTATION",
      "deployed": true,
      "form": "4e0fc1cc-48b8-4d86-aa5e-e97b2bd14e63",
      "environment": "HOSTED",
      "authType": "NONE",
      "createdBy": "FLOW"
    }
  ],
  "endpoints": [
    {
      "name": "Azure DevOps",
      "baseUrl": "https://dev.azure.com",
      "type": "EXTERNAL",
      "authentication": "BASIC"
    },
    {
      "name": "Azure DevOps - Management",
      "baseUrl": "https://vssps.dev.azure.com",
      "type": "EXTERNAL",
      "authentication": "BASIC"
    }
  ],
  "constants": []
}