[
  {
    "id": "54dc019d-5e18-406a-9011-092463e23b24",
    "name": "Azure DevOps - Add Comment",
    "description": "Adds a comment to an Azure DevOps work item.",
    "icon": "https://s3-xmatters-static.s3.amazonaws.com/null/customers/b37a4596-1e89-4b51-98cd-83844cf25f31/IMAGE__20200204150738147__AzureDevOps.png",
    "script": "/**\n * This step can be used to add a comment to an Azure DevOps Board work item.\n */\ntry {\n    const endpoint = 'Azure DevOps';\n    const path = '/' + input['organization'].trim() + '/' + input['workItemTeamProject'].trim() + '/_apis/wit/workitems/' + input['workItemId'] + '/comments?api-version=5.1-preview.3';\n    let conflictRetry = 3;\n\n    const body = {\n        \"text\": input['workItemComment']\n    };\n\n    do {\n        if (conflictRetry == 0) {\n            throw new Error('Limit reached while retrying conflict failure');\n        }\n        var status = sendRequest(endpoint, path, body);\n        conflictRetry -= 1;\n    } while (status == 409);\n} catch (e) {\n    if (input['continueOnError'].toLowerCase().trim() == 'true') {\n        console.log(\"ERROR: Error was dectected, but continuing\");\n        console.log(e.message);\n        output['result'] = 'failed';\n    } else {\n        throw new Error(e.messasge);\n    }\n}\n\nfunction sendRequest(endpoint, path, body) {\n    const apiRequest = http.request({\n        'endpoint': endpoint,\n        'path': path,\n        'method': 'POST',\n        'headers': {\n            'Content-Type': 'application/json-patch+json'\n        }\n    });\n\n    try {\n        var apiResponse = apiRequest.write(body);\n    } catch (e) {\n        throw ('Azure DevOps:Issue submitting work item add comment request:' + e.message);\n    }\n\n    if (apiResponse.statusCode === 200) {\n        let payload = JSON.parse(apiResponse.body);\n        output['commentId'] = payload.id;\n        output['result'] = 'succeeded';\n        return 200;\n    } else if (apiResponse.statusCode === 401) {\n        output['result'] = 'failed';\n        throw ('Azure DevOps:Unauthorized');\n    } else if (apiResponse.statusCode === 400) {\n        output['result'] = 'failed';\n        response = JSON.parse(apiResponse.body);\n        throw ('Azure DevOps:' + response['message']);\n    } else if (apiResponse.statusCode === 404) {\n        output['result'] = 'failed';\n        response = JSON.parse(apiResponse.body);\n        throw ('Azure DevOps:' + response['message']);\n    } else if (apiResponse.statusCode === 409) {\n        console.log(\"WARN: There was a conflict sending request.\");\n        output['result'] = 'failed';\n        return 409;\n    }\n    else {\n        output['result'] = 'failed';\n        throw ('Azure DevOps:Unknown');\n    }\n}",
    "endpointAuthType": "BASIC",
    "endpointLabel": "Azure DevOps",
    "allowedEnvironment": "HOSTED",
    "accessibleByAll": "NotShared",
    "scriptStepType": "USER",
    "inputs": [
      {
        "id": "f633275d-0464-4d9b-b190-62a3486850d1",
        "name": "continueOnError",
        "helpText": "Continue flow if step encounters error (true | false)",
        "defaultValue": "false",
        "multiline": false,
        "required": false,
        "validationRegex": "",
        "maxLength": 5,
        "minLength": 0,
        "position": 0
      },
      {
        "id": "f5dd17b1-808c-45e2-9adc-bf0532616dde",
        "name": "organization",
        "helpText": "Organization name the work item is located in",
        "defaultValue": "",
        "multiline": false,
        "required": true,
        "validationRegex": "",
        "maxLength": 500,
        "minLength": 0,
        "position": 1
      },
      {
        "id": "f6558a48-f477-424a-a391-4d8b950f8368",
        "name": "workItemTeamProject",
        "helpText": "Project name the work item is located",
        "defaultValue": "",
        "multiline": false,
        "required": true,
        "validationRegex": "",
        "maxLength": 500,
        "minLength": 0,
        "position": 2
      },
      {
        "id": "745e8369-6342-4148-8d75-1e19ad037c0d",
        "name": "workItemId",
        "helpText": "Work item ID to add the comment too",
        "defaultValue": "",
        "multiline": false,
        "required": true,
        "validationRegex": "",
        "maxLength": 500,
        "minLength": 0,
        "position": 3
      },
      {
        "id": "c9fdcfdf-a939-4fa0-ba7c-e14c1ad2cd7a",
        "name": "workItemComment",
        "helpText": "Comment text",
        "defaultValue": "",
        "multiline": true,
        "required": true,
        "validationRegex": "",
        "maxLength": 20000,
        "minLength": 0,
        "position": 4
      }
    ],
    "outputs": [
      {
        "id": "941a92f4-3a35-406a-8cda-8f6b47297a9b",
        "name": "result",
        "description": "",
        "position": 0
      },
      {
        "id": "4beec7c0-e90e-43a7-a3f7-9fdbfedd312a",
        "name": "commentId",
        "description": "",
        "position": 1
      }
    ],
    "libraries": []
  },
  {
    "id": "f13e3dee-80d9-417c-b860-77649a382ba1",
    "name": "Azure DevOps - Create Work Item",
    "description": "Creates an Azure DevOps work item with the provided values. You do not have to include all values, but for some fields Azure DevOps will apply the default value.",
    "icon": "https://s3-xmatters-static.s3.amazonaws.com/null/customers/b37a4596-1e89-4b51-98cd-83844cf25f31/IMAGE__20200204150738147__AzureDevOps.png",
    "script": "/**\n * This step can be used to create an Azure DevOps Board work item. It assumes default work item types and fields.\n * Depending on the type of work item there maybe more or less fields or different field name for similar data.\n */\ntry {\n    const endpoint = 'Azure DevOps';\n\n    let suppressNotifications = 'false';\n    if (typeof input['suppressNotifications'] == 'string') {\n        suppressNotifications = input['suppressNotifications'].trim().toLowerCase();\n        if (suppressNotifications != 'true' && suppressNotifications != 'false') {\n            console.log('WARN: suppressNofication set, but invalid value. Must be either true or false.');\n            console.log('WARN: Defaulting suppressNotification to false');\n            suppressNotifications = 'false';\n        }\n    }\n    const path = '/' + input['organization'].trim() + '/' + input['workItemTeamProject'].trim() + '/_apis/wit/workitems/$' + input['workItemType'] + '?suppressNotifications=' + suppressNotifications + '&api-version=5.1';\n\n    const apiRequest = http.request({\n        'endpoint': endpoint,\n        'path': path,\n        'method': 'POST',\n        'headers': {\n            'Content-Type': 'application/json-patch+json'\n        }\n    });\n\n    console.log('Work Item Type: ' + String(input['workItemType']));\n    console.log('INFO: Building work item');\n\n    /**\n     * Using this pattern you can add values to other work item fields as well. You will need to determine\n     * the path to the field. It seems even if a work item type does not show a field in the UI it still \n     * exists and you can set it. For instance if you set ReproSteps for an issue it will not show in UI, \n     * but then later changes its type to bug the ReproSteps will show in the UI.\n     */\n\n    let body = [];\n\n    // These work item attributes take strings for the value\n    body = addWorkItemField(input['workItemType'], '/fields/System.WorkItemType', body);\n    body = addWorkItemField(input['workItemTitle'], '/fields/System.Title', body);\n    body = addWorkItemField(input['workItemPriority'], '/fields/Microsoft.VSTS.Common.Priority', body);\n    body = addWorkItemField(input['workItemState'], '/fields/System.State', body);\n    body = addWorkItemField(input['workItemReason'], '/fields/System.Reason', body);\n    body = addWorkItemField(input['workItemSystem'], '/fields/Microsoft.VSTS.TCM.SystemInfo', body);\n    body = addWorkItemField(input['workItemSeverity'], '/fields/Microsoft.VSTS.Common.Severity', body);\n    body = addWorkItemField(input['workItemValueArea'], '/fields/Microsoft.VSTS.Common.ValueArea', body);\n    body = addWorkItemField(input['workItemReproSteps'], '/fields/Microsoft.VSTS.TCM.ReproSteps', body);\n    body = addWorkItemField(input['workItemDescription'], '/fields/System.Description', body);\n    body = addWorkItemField(input['workItemRisk'], '/fields/Microsoft.VSTS.Common.Risk', body);\n    body = addWorkItemField(input['workItemTags'], '/fields/System.Tags', body);\n\n    // These work item attributes have special formatting for the value\n    if (typeof input['parentWorkItemID'] == 'string') {\n        if (input['parentWorkItemID'].trim() !== \"\") {\n            let parent = {\n                \"op\": \"add\",\n                \"path\": \"/relations/-\",\n                \"from\": null,\n                \"value\": {\n                    \"rel\": \"System.LinkTypes.Hierarchy-Reverse\",\n                    \"url\": \"https://dev.azure.com/\" + input['organization'] + \"/\" + input['workItemTeamProject'] + \"/_apis/wit/workItems/\" + input['parentWorkItemID'].trim(),\n                    \"attributes\": {\n                        \"isLocked\": false,\n                        \"name\": \"Parent\"\n                    }\n                }\n            };\n            body.push(parent);\n        }\n    }\n    if (typeof input['assigneeDescriptor'] == 'string') {\n        if (input['assigneeDescriptor'].trim() !== \"\") {\n            let assignee = {\n                \"op\": \"add\",\n                \"path\": \"/fields/System.AssignedTo\",\n                \"from\": null,\n                \"value\": {\n                    \"descriptor\": input['assigneeDescriptor'].trim()\n                }\n            };\n            body.push(assignee);\n        }\n    }\n\n    /** \n     * The request payload body MUST to be serialized into a string.\n     * If not the HTTP client will change the content type to application/json\n     * and the request will fail\n    */\n    const bodyString = JSON.stringify(body);\n\n    console.log('INFO: Sending create work item request');\n    try {\n        var apiResponse = apiRequest.write(bodyString);\n    } catch (e) {\n        throw new Error('Azure DevOps:Issue submitting work item create request. \\n' + e.message);\n    }\n\n    if (apiResponse.statusCode === 200) {\n        const payload = JSON.parse(apiResponse.body);\n        output['result'] = 'succeeded';\n        output['workItemId'] = payload.id;\n        output['workItemUrl'] = payload._links.html.href;\n        console.log('INFO: Work item creation complete');\n    } else if (apiResponse.statusCode === 401) {\n        output['result'] = 'failed';\n        throw new Error('ERROR:Azure DevOps:Unauthorized.');\n    } else if (apiResponse.statusCode === 400) {\n        output['result'] = 'failed';\n        let response = JSON.parse(apiResponse.body);\n        throw new Error('ERROR:Azure DevOps:' + response['message']);\n    } else if (apiResponse.statusCode === 404) {\n        output['result'] = 'failed';\n        let response = JSON.parse(apiResponse.body);\n        throw new Error('ERROR:Azure DevOps:' + response['message']);\n    } else {\n        output['result'] = 'failed';\n        throw new Error('ERROR:Azure DevOps:Unknown');\n    }\n} catch (e) {\n    if (input['continueOnError'].toLowerCase().trim() == 'true') {\n        console.log(\"ERROR: Error was dectected, but continuing\");\n        console.log(e.message);\n        output['result'] = 'failed';\n    } else {\n        throw new Error(e.messasge);\n    }\n}\n\nfunction addWorkItemField(stepInput, workItemFieldPath, body) {\n    if (typeof stepInput == 'string') {\n        const cleanStepInput = stepInput.trim();\n        if (cleanStepInput !== '') {\n            let type = {\n                \"op\": \"add\",\n                \"path\": workItemFieldPath,\n                \"from\": null,\n                \"value\": cleanStepInput\n            };\n            body.push(type);\n        }\n    }\n    return body;\n}",
    "endpointLabel": "Azure DevOps",
    "allowedEnvironment": "HOSTED",
    "accessibleByAll": "NotShared",
    "scriptStepType": "USER",
    "inputs": [
      {
        "id": "af36e106-6265-4e4e-a20d-94d0b6fdfdf1",
        "name": "continueOnError",
        "helpText": "Continue flow if step encounters error (true | false)",
        "defaultValue": "false",
        "multiline": false,
        "required": false,
        "validationRegex": "",
        "maxLength": 5,
        "minLength": 0,
        "position": 0
      },
      {
        "id": "edc5ceaa-1ee9-4e52-a988-038ce0e58da9",
        "name": "suppressNotifications",
        "helpText": "Do you want to suppress Azure DevOps notifications for this update (true, false)?",
        "defaultValue": "false",
        "multiline": false,
        "required": false,
        "validationRegex": "",
        "maxLength": 5,
        "minLength": 0,
        "position": 1
      },
      {
        "id": "3755a9b1-a805-4d95-b837-9ff158facbaa",
        "name": "organization",
        "helpText": "Organization name to the work item is located",
        "defaultValue": "",
        "multiline": false,
        "required": true,
        "validationRegex": "",
        "maxLength": 2000,
        "minLength": 0,
        "position": 2
      },
      {
        "id": "d6424137-142e-480e-b0f2-ad645289a228",
        "name": "workItemTeamProject",
        "helpText": "Project name the work it is located in",
        "defaultValue": "",
        "multiline": false,
        "required": true,
        "validationRegex": "",
        "maxLength": 2000,
        "minLength": 0,
        "position": 3
      },
      {
        "id": "485a4d5f-e9b4-49f2-8771-27617b7d60dc",
        "name": "workitemState",
        "helpText": "Set the state of the work item. Available values depends on work",
        "defaultValue": "",
        "multiline": false,
        "required": false,
        "validationRegex": "",
        "maxLength": 2000,
        "minLength": 0,
        "position": 4
      },
      {
        "id": "759372d0-1079-47cf-8cfc-b972806e679a",
        "name": "workItemReason",
        "helpText": "Set the reason of the work item. Available values depends on work",
        "defaultValue": "",
        "multiline": false,
        "required": false,
        "validationRegex": "",
        "maxLength": 2000,
        "minLength": 0,
        "position": 5
      },
      {
        "id": "c8e993ad-6e4b-488b-9751-2749958e9d4f",
        "name": "workItemType",
        "helpText": "Set the type of work item (Bug, Issue, Feature, Task, Epic, User Story, etc)",
        "defaultValue": "",
        "multiline": false,
        "required": false,
        "validationRegex": "",
        "maxLength": 2000,
        "minLength": 0,
        "position": 6
      },
      {
        "id": "a8cc0d25-14a4-4c11-95bc-5462d1ac1e42",
        "name": "workItemTitle",
        "helpText": "Set the title of the work item",
        "defaultValue": "",
        "multiline": false,
        "required": false,
        "validationRegex": "",
        "maxLength": 20000,
        "minLength": 0,
        "position": 7
      },
      {
        "id": "929fdfc9-9842-46f8-b98d-f8f18fe15aec",
        "name": "workItemDescription",
        "helpText": "Set work item description",
        "defaultValue": "",
        "multiline": true,
        "required": false,
        "validationRegex": "",
        "maxLength": 20000,
        "minLength": 0,
        "position": 8
      },
      {
        "id": "40b9825e-df31-4f37-896c-1807a2ffb376",
        "name": "workItemReproSteps",
        "helpText": "(Used only by Bug) Set the steps to reproduce a bug",
        "defaultValue": "",
        "multiline": true,
        "required": false,
        "validationRegex": "",
        "maxLength": 20000,
        "minLength": 0,
        "position": 9
      },
      {
        "id": "f33f7d07-b7b2-4dd5-8eef-026f589331cb",
        "name": "workItemPriority",
        "helpText": "Set the work item priority",
        "defaultValue": "",
        "multiline": false,
        "required": false,
        "validationRegex": "",
        "maxLength": 2000,
        "minLength": 0,
        "position": 10
      },
      {
        "id": "998c3a52-831c-4aed-bc6a-66e0c2147a64",
        "name": "workItemRisk",
        "helpText": "Set the work item risk",
        "defaultValue": "",
        "multiline": false,
        "required": false,
        "validationRegex": "",
        "maxLength": 2000,
        "minLength": 0,
        "position": 11
      },
      {
        "id": "780ed62a-12b9-4512-8daf-c60857c3a438",
        "name": "workItemValueArea",
        "helpText": "Set the value area for the work item",
        "defaultValue": "",
        "multiline": false,
        "required": false,
        "validationRegex": "",
        "maxLength": 2000,
        "minLength": 0,
        "position": 12
      },
      {
        "id": "df5764e1-ad2f-48ac-a31a-6db760f1dd46",
        "name": "workItemTags",
        "helpText": "Semicolon separated list of tags to add to the work item",
        "defaultValue": "",
        "multiline": false,
        "required": false,
        "validationRegex": "",
        "maxLength": 20000,
        "minLength": 0,
        "position": 13
      },
      {
        "id": "3c55b292-895f-4171-882a-19f63471284c",
        "name": "workItemSystem",
        "helpText": "Set the work item system",
        "defaultValue": "",
        "multiline": false,
        "required": false,
        "validationRegex": "",
        "maxLength": 2000,
        "minLength": 0,
        "position": 14
      },
      {
        "id": "6abad4c8-9702-4a93-af7b-59064d4518ec",
        "name": "workItemSeverity",
        "helpText": "Set the severity of the work item",
        "defaultValue": "",
        "multiline": false,
        "required": false,
        "validationRegex": "",
        "maxLength": 2000,
        "minLength": 0,
        "position": 15
      },
      {
        "id": "958ee030-11d6-429b-abf8-8214ba7f2011",
        "name": "assigneeDescriptor",
        "helpText": "Descriptor of user to assign work item too",
        "defaultValue": "",
        "multiline": false,
        "required": false,
        "validationRegex": "",
        "maxLength": 2000,
        "minLength": 0,
        "position": 16
      },
      {
        "id": "23bd2bc2-5719-4c7b-bed2-f8895a3bb1c1",
        "name": "parentWorkItemID",
        "helpText": "URL to parent work item",
        "defaultValue": "",
        "multiline": false,
        "required": false,
        "validationRegex": "",
        "maxLength": 20000,
        "minLength": 0,
        "position": 17
      }
    ],
    "outputs": [
      {
        "id": "76faa9c2-e2e5-475e-bbab-f3adeb160afc",
        "name": "result",
        "description": "",
        "position": 0
      },
      {
        "id": "98333532-dd1a-42d4-bd38-3b5f5e8e933b",
        "name": "workItemId",
        "description": "",
        "position": 1
      },
      {
        "id": "bd084fd5-957d-43d5-a858-e784228ad072",
        "name": "workItemUrl",
        "description": "",
        "position": 2
      }
    ],
    "libraries": []
  },
  {
    "id": "ccdedbc1-3de3-4bc3-90be-bd2723c2f6bd",
    "name": "Azure DevOps - Get User Descriptor",
    "description": "",
    "icon": "https://s3-xmatters-static.s3.amazonaws.com/null/customers/b37a4596-1e89-4b51-98cd-83844cf25f31/IMAGE__20200204150738147__AzureDevOps.png",
    "script": "try {\n    const endpoint = 'Azure DevOps - Management';\n\n    if (typeof input['searchTerm'] == 'string') {\n        let searchTerm = input['searchTerm'].trim();\n        if (searchTerm !== '') {\n            console.log('INFO:Searching for user with term \"' + searchTerm + '\"');\n            const response = queryUser(endpoint, input['organization'], searchTerm);\n\n            const user = JSON.parse(response.body);\n\n            if (user.count == 1) {\n                output['descriptor'] = user.value[0].descriptor;\n                output['displayName'] = user.value[0].displayName;\n            } else if (user.count > 1) {\n                throw new Error('More than one user matches term ' + searchTerm);\n            } else if (user.count == 0) {\n                throw new Error('No user matching term ' + searchTerm);\n            } else {\n                throw new Error('Unknown Error');\n            }\n        }\n    } else {\n        throw new Error('Must provide a search term');\n    }\n} catch (e) {\n    if (input['continueOnError'].toLowerCase().trim() == 'true') {\n        console.log(\"ERROR: Error was dectected, but continuing flow\");\n        console.log(e.message);\n        output['descriptor'] = 'failed';\n        output['displayName'] = 'failed';\n    } else {\n        throw new Error(e.messasge);\n    }\n}\n\nfunction queryUser(endpoint, organization, searchTerm) {\n    console.log('INFO:Searching for user');\n\n    let URLPath = encodeURI('/' + organization + '/_apis/graph/subjectquery?api-version=6.0-preview.1');\n\n    let apiRequest = http.request({\n        'endpoint': endpoint,\n        'path': URLPath,\n        'method': 'POST',\n        'headers': {\n            'Content-Type': 'application/json'\n        }\n    });\n\n    let body = {\n        \"query\": searchTerm,\n        \"subjectKind\": [\"User\"]\n    };\n\n    try {\n        const apiResponse = apiRequest.write(body);\n\n        if (apiResponse.statusCode != 200) {\n            console.log('ERROR:Received bad response during user search');\n            console.log('Response Status Code: ' + apiResponse.statusCode);\n            throw new Error(apiResponse.body);\n        }\n        \n        return apiResponse;\n    } catch (e) {\n        console.log('ERROR:Issue finding user');\n        throw new Error(e.message);\n    }\n}",
    "endpointAuthType": "BASIC",
    "endpointLabel": "Azure DevOps - Management",
    "allowedEnvironment": "HOSTED",
    "accessibleByAll": "NotShared",
    "scriptStepType": "USER",
    "inputs": [
      {
        "id": "92edb680-71e4-4854-905e-9e9b4cfff1f1",
        "name": "continueOnError",
        "helpText": "Continue flow if step encounters error (true | false)",
        "defaultValue": "false",
        "multiline": false,
        "required": false,
        "validationRegex": "",
        "maxLength": 5,
        "minLength": 0,
        "position": 0
      },
      {
        "id": "d01e00d6-6942-465f-97ec-d0b26ce1c8b9",
        "name": "organization",
        "helpText": "Organization to search with in",
        "defaultValue": "",
        "multiline": false,
        "required": true,
        "validationRegex": "",
        "maxLength": 500,
        "minLength": 1,
        "position": 1
      },
      {
        "id": "d0fc3a69-6bbc-4ad8-a7ed-70cae637260c",
        "name": "searchTerm",
        "helpText": "Search term to use in ADO user search (email, display name, etc)",
        "defaultValue": "",
        "multiline": false,
        "required": true,
        "validationRegex": "",
        "maxLength": 20000,
        "minLength": 0,
        "position": 2
      }
    ],
    "outputs": [
      {
        "id": "845b55e0-68e6-420e-854d-1047b3ff467b",
        "name": "descriptor",
        "description": "",
        "position": 0
      },
      {
        "id": "bfdfe8de-0b4f-49da-9069-9365b28297c5",
        "name": "displayName",
        "description": "",
        "position": 1
      }
    ],
    "libraries": []
  },
  {
    "id": "a1022c52-9277-4da0-a6cf-14d6e00475ed",
    "name": "Azure DevOps - Update Work Item",
    "description": "Updates an Azure DevOps work item with the provided values. Fields left blank will not be updated. Any field you update the current value will be replaced with the new one. For example if you update the description it will not appended to the current description, but overwrite it.",
    "icon": "https://s3-xmatters-static.s3.amazonaws.com/null/customers/b37a4596-1e89-4b51-98cd-83844cf25f31/IMAGE__20200204150738147__AzureDevOps.png",
    "script": "/**\n * This step can be used to update an Azure DevOps Board work item. It assumes default work item types and fields.\n * Depending on the type of work item there maybe more or less fields or different field name for similar data.\n */\ntry {\n    const endpoint = 'Azure DevOps';\n    let conflictRetry = 3;\n\n    let suppressNotifications = 'false';\n    if (typeof input['suppressNotifications'] == 'string') {\n        suppressNotifications = input['suppressNotifications'].trim().toLowerCase();\n        if (suppressNotifications != 'true' && suppressNotifications != 'false') {\n            console.log('WARN: suppressNofication set, but invalid value. Must be either true or false.');\n            console.log('WARN: Defaulting suppressNotification to false');\n            suppressNotifications = 'false';\n        }\n    }\n    const path = '/' + input['organization'].trim() + '/' + input['workItemTeamProject'].trim() + '/_apis/wit/workitems/' + input['workItemId'] + '?suppressNotifications=' + suppressNotifications + '&api-version=5.1';\n\n    console.log('Work Item Type: ' + String(input['workItemType']));\n    console.log('INFO: Building work item');\n\n    /**\n     * Using this pattern you can add values to other work item fields as well. You will need to determine\n     * the path to the field. It seems even if a work item type does not show a field in the UI it still \n     * exists and you can set it. For instance if you set ReproSteps for an issue it will not show in UI, \n     * but then later changes its type to bug the ReproSteps will show in the UI.\n     */\n\n    let body = [];\n\n    // These work item attributes take strings for the value\n    body = addWorkItemField(input['workItemType'], '/fields/System.WorkItemType', body);\n    body = addWorkItemField(input['workItemTitle'], '/fields/System.Title', body);\n    body = addWorkItemField(input['workItemPriority'], '/fields/Microsoft.VSTS.Common.Priority', body);\n    body = addWorkItemField(input['workItemState'], '/fields/System.State', body);\n    body = addWorkItemField(input['workItemReason'], '/fields/System.Reason', body);\n    body = addWorkItemField(input['workItemSystem'], '/fields/Microsoft.VSTS.TCM.SystemInfo', body);\n    body = addWorkItemField(input['workItemSeverity'], '/fields/Microsoft.VSTS.Common.Severity', body);\n    body = addWorkItemField(input['workItemValueArea'], '/fields/Microsoft.VSTS.Common.ValueArea', body);\n    body = addWorkItemField(input['workItemReproSteps'], '/fields/Microsoft.VSTS.TCM.ReproSteps', body);\n    body = addWorkItemField(input['workItemDescription'], '/fields/System.Description', body);\n    body = addWorkItemField(input['workItemRisk'], '/fields/Microsoft.VSTS.Common.Risk', body);\n    body = addWorkItemField(input['workItemTags'], '/fields/System.Tags', body);\n\n    // These work item attributes have special formatting for the value\n    if (typeof input['parentWorkItemID'] == 'string') {\n        if (input['parentWorkItemID'].trim() !== \"\") {\n            let parent = {\n                \"op\": \"add\",\n                \"path\": \"/relations/-\",\n                \"from\": null,\n                \"value\": {\n                    \"rel\": \"System.LinkTypes.Hierarchy-Reverse\",\n                    \"url\": \"https://dev.azure.com/\" + input['organization'] + \"/\" + input['workItemTeamProject'] + \"/_apis/wit/workItems/\" + input['parentWorkItemID'].trim(),\n                    \"attributes\": {\n                        \"isLocked\": false,\n                        \"name\": \"Parent\"\n                    }\n                }\n            };\n            body.push(parent);\n        }\n    }\n    if (typeof input['assigneeDescriptor'] == 'string') {\n        if (input['assigneeDescriptor'].trim() !== \"\") {\n            let assignee = {\n                \"op\": \"add\",\n                \"path\": \"/fields/System.AssignedTo\",\n                \"from\": null,\n                \"value\": {\n                    \"descriptor\": input['assigneeDescriptor'].trim()\n                }\n            };\n            body.push(assignee);\n        }\n    }\n    \n    /** \n     * The request payload body MUST to be serialized into a string.\n     * If not the HTTP client will change the content type to application/json\n     * and the request will fail\n    */\n    const bodyString = JSON.stringify(body);\n\n    do {\n        if (conflictRetry == 0) {\n            throw new Error('Limit reached while retrying conflict failure');\n        }\n        status = sendRequest(endpoint, path, bodyString);\n        conflictRetry -= 1;\n    } while (status == 409);\n} catch (e) {\n    if (input['continueOnError'].toLowerCase().trim() == 'true') {\n        console.log(\"ERROR: Error was dectected, but continuing\");\n        console.log(e.message);\n        output['result'] = 'failed';\n    } else {\n        throw new Error(e.messasge);\n    }\n}\n\nfunction addWorkItemField(stepInput, workItemFieldPath, body) {\n    if (typeof stepInput == 'string') {\n        const cleanStepInput = stepInput.trim();\n        if (cleanStepInput !== '') {\n            let type = {\n                \"op\": \"add\",\n                \"path\": workItemFieldPath,\n                \"from\": null,\n                \"value\": cleanStepInput\n            };\n            body.push(type);\n        }\n    }\n    return body;\n}\n\nfunction sendRequest(endpoint, path, bodyString) {\n    console.log('INFO: Sending update work item request');\n\n    var apiRequest = http.request({\n        'endpoint': endpoint,\n        'path': path,\n        'method': 'PATCH',\n        'headers': {\n            'Content-Type': 'application/json-patch+json'\n        }\n    });\n\n    try {\n        var apiResponse = apiRequest.write(bodyString);\n    } catch (e) {\n        throw new Error('Azure DevOps:Issue submitting work item update request. \\n' + e.message);\n    }\n\n    output['responseCode'] = apiResponse.statusCode;\n\n    if (apiResponse.statusCode === 200) {\n        output['result'] = 'succeeded';\n        console.log('INFO: Work item creation complete');\n        return 200;\n    } else if (apiResponse.statusCode === 401) {\n        output['result'] = 'failed';\n        throw new Error('ERROR:Azure DevOps:Unauthorized.');\n    } else if (apiResponse.statusCode === 400) {\n        output['result'] = 'failed';\n        const response = JSON.parse(apiResponse.body);\n        throw new Error('ERROR:Azure DevOps:' + response['message']);\n    } else if (apiResponse.statusCode === 404) {\n        output['result'] = 'failed';\n        const response = JSON.parse(apiResponse.body);\n        throw new Error('ERROR:Azure DevOps:' + response['message']);\n    } else if (apiResponse.statusCode === 409) {\n        console.log(\"WARN: There was an update conflict.\");\n        output['result'] = 'failed';\n        return 409;\n    } else {\n        output['result'] = 'failed';\n        throw new Error('ERROR:Azure DevOps:Unknown');\n    }\n}",
    "endpointLabel": "Azure DevOps",
    "allowedEnvironment": "HOSTED",
    "accessibleByAll": "NotShared",
    "scriptStepType": "USER",
    "inputs": [
      {
        "id": "33b87b07-8328-4ac3-9e1a-5fcb84d70786",
        "name": "continueOnError",
        "helpText": "Continue flow if step encounters error (true | false)",
        "defaultValue": "false",
        "multiline": false,
        "required": false,
        "validationRegex": "",
        "maxLength": 5,
        "minLength": 0,
        "position": 0
      },
      {
        "id": "8d342db6-4570-4e09-99c9-6e49171449f9",
        "name": "suppressNotifications",
        "helpText": "Do you want to suppress Azure DevOps notifications for this update (true, false)?",
        "defaultValue": "false",
        "multiline": false,
        "required": false,
        "validationRegex": "",
        "maxLength": 5,
        "minLength": 0,
        "position": 1
      },
      {
        "id": "4f819a6c-35c9-4c93-a715-dbc3db78d932",
        "name": "organization",
        "helpText": "Organization name to the work item is located",
        "defaultValue": "",
        "multiline": false,
        "required": true,
        "validationRegex": "",
        "maxLength": 2000,
        "minLength": 0,
        "position": 2
      },
      {
        "id": "377038bd-5af2-4a51-aa53-44367eadb38f",
        "name": "workItemTeamProject",
        "helpText": "Project name the work it is located in",
        "defaultValue": "",
        "multiline": false,
        "required": true,
        "validationRegex": "",
        "maxLength": 2000,
        "minLength": 0,
        "position": 3
      },
      {
        "id": "c796954c-e65d-4dd6-9078-8dba99f9ab8d",
        "name": "workItemId",
        "helpText": "ID of the work item you want to update",
        "defaultValue": "",
        "multiline": false,
        "required": true,
        "validationRegex": "",
        "maxLength": 2000,
        "minLength": 0,
        "position": 4
      },
      {
        "id": "b47f19b7-58af-40d8-88df-38f39b9d3644",
        "name": "workItemState",
        "helpText": "Change the state of the work item. Available values depends on work",
        "defaultValue": "",
        "multiline": false,
        "required": false,
        "validationRegex": "",
        "maxLength": 2000,
        "minLength": 0,
        "position": 5
      },
      {
        "id": "90136ab7-c5e1-4868-99c4-d39413cf12cf",
        "name": "workItemReason",
        "helpText": "Change the reason of the work item. Available values depends on work",
        "defaultValue": "",
        "multiline": false,
        "required": false,
        "validationRegex": "",
        "maxLength": 2000,
        "minLength": 0,
        "position": 6
      },
      {
        "id": "8e171ba7-abe3-4f68-b108-1585b1dc4902",
        "name": "workItemType",
        "helpText": "Change the type of work item (Bug, Issue, Feature, Task, Epic, User Story, etc)",
        "defaultValue": "",
        "multiline": false,
        "required": false,
        "validationRegex": "",
        "maxLength": 2000,
        "minLength": 0,
        "position": 7
      },
      {
        "id": "3c02fc67-5a10-4929-9834-8f56041dc7d6",
        "name": "workItemTitle",
        "helpText": "Change the title of the work item",
        "defaultValue": "",
        "multiline": false,
        "required": false,
        "validationRegex": "",
        "maxLength": 20000,
        "minLength": 0,
        "position": 8
      },
      {
        "id": "f9e3bc4f-1bf9-4e54-a6b1-7c3194e52ce7",
        "name": "workItemDescription",
        "helpText": "Change work item description",
        "defaultValue": "",
        "multiline": true,
        "required": false,
        "validationRegex": "",
        "maxLength": 20000,
        "minLength": 0,
        "position": 9
      },
      {
        "id": "ab73a221-dd91-482d-afc8-2de7f0927031",
        "name": "workItemReproSteps",
        "helpText": "Change the steps to reproduce a bug",
        "defaultValue": "",
        "multiline": true,
        "required": false,
        "validationRegex": "",
        "maxLength": 20000,
        "minLength": 0,
        "position": 10
      },
      {
        "id": "8c7abdcc-069f-4f93-80e7-17eefa1f1fe0",
        "name": "workItemPriority",
        "helpText": "Change the work item priorities",
        "defaultValue": "",
        "multiline": false,
        "required": false,
        "validationRegex": "",
        "maxLength": 2000,
        "minLength": 0,
        "position": 11
      },
      {
        "id": "195d24e3-318b-46f1-bc95-4986c8fc7a5e",
        "name": "workItemRisk",
        "helpText": "Change the work item risk",
        "defaultValue": "",
        "multiline": false,
        "required": false,
        "validationRegex": "",
        "maxLength": 2000,
        "minLength": 0,
        "position": 12
      },
      {
        "id": "bf8f91f6-2060-4677-9e54-61321466a427",
        "name": "workItemValueArea",
        "helpText": "Change the value area for the work item",
        "defaultValue": "",
        "multiline": false,
        "required": false,
        "validationRegex": "",
        "maxLength": 2000,
        "minLength": 0,
        "position": 13
      },
      {
        "id": "b2266803-98dd-4088-8a87-6c2bc41e1d61",
        "name": "workItemTags",
        "helpText": "Change the tags applied to the work item. (semicolon separated list)",
        "defaultValue": "",
        "multiline": false,
        "required": false,
        "validationRegex": "",
        "maxLength": 20000,
        "minLength": 0,
        "position": 14
      },
      {
        "id": "31c022ba-8e5a-4175-8d9d-5fde4c279b23",
        "name": "workItemSystem",
        "helpText": "Change the work item system",
        "defaultValue": "",
        "multiline": false,
        "required": false,
        "validationRegex": "",
        "maxLength": 2000,
        "minLength": 0,
        "position": 15
      },
      {
        "id": "27aff0fa-8d7b-4ebd-8a23-42d6e0d5d398",
        "name": "workItemSeverity",
        "helpText": "Change the severity of the work item",
        "defaultValue": "",
        "multiline": false,
        "required": false,
        "validationRegex": "",
        "maxLength": 2000,
        "minLength": 0,
        "position": 16
      },
      {
        "id": "4758550c-e369-412d-9eb4-81f1ced7233e",
        "name": "assigneeDescriptor",
        "helpText": "Descriptor of user to assign workitem too",
        "defaultValue": "",
        "multiline": false,
        "required": false,
        "validationRegex": "",
        "maxLength": 2000,
        "minLength": 0,
        "position": 17
      },
      {
        "id": "e515a514-4252-4e96-aa9b-c65a2a6afba0",
        "name": "parentWorkItemID",
        "helpText": "ID of work item to set as parent",
        "defaultValue": "",
        "multiline": false,
        "required": false,
        "validationRegex": "",
        "maxLength": 2000,
        "minLength": 0,
        "position": 18
      }
    ],
    "outputs": [
      {
        "id": "428132d5-bf01-4d8a-bc3e-c7b6d806fd5e",
        "name": "result",
        "description": "",
        "position": 0
      }
    ],
    "libraries": []
  },
  {
    "id": "1a30df06-2283-49ea-a918-afa22e20d4fc",
    "name": "Azure DevOps - Work Item Event",
    "description": "Accepts Service Hook notifications from Azure DevOps for Work Item events. It outputs the notification details and basic information about the work item. It can be modified to output more work item details. [See comments in script code]",
    "icon": "https://s3-xmatters-static.s3.amazonaws.com/null/customers/b37a4596-1e89-4b51-98cd-83844cf25f31/IMAGE__20200204150738147__AzureDevOps.png",
    "script": "//Try to parse request body\ntry {\n    var payload = JSON.parse(request.body);\n} catch (e) {\n    throw new Error('Cannot parse request body: \\n' + request.body);\n}\n\n//Verify that the notifiation type is for a workitem\nif (payload.eventType === 'undefined' || payload.eventType.includes('workitem.') == false) {\n    console.log('Event Type:' + payload.eventType);\n    throw new Error('Not an Azure DevOps work item event notification. \\n' + request.body);\n}\n\n//Load standard notification output fields\noutput.subscriptionId = payload.subscriptionId;\noutput.notificationNumber = payload.notificationId;\noutput.notificationId = payload.id;\noutput.notificationEventType = payload.eventType;\noutput.messageText = payload.message.text;\noutput.messageHtml = payload.message.html;\noutput.messageMarkdown = payload.message.markdown;\noutput.detailedText = payload.detailedMessage.text;\noutput.detailedHtml = payload.detailedMessage.html;\noutput.detailedMarkdown = payload.detailedMessage.markdown;\n\n//If it was not a workitem.delete action set workitem URL\nif (payload.eventType != 'workitem.deleted') {\n    output.workItemUrl = payload.resource._links.html.href;\n}\n\n//Get the organization name from one of the URLs\nre = new RegExp('(?<=^https:\\/\\/dev.azure.com/).+?(?=\\/)', 'gs');\norganization = payload.resource.url.match(re);\noutput.organization = organization[0];\n\n/** \n * Check if event type is an update, because updated work item field paths are slightly different.\n * Then load each field into a step output. Each output will take the Azure DevOps work item field\n * and prefix it with \"workItem\" to create the output name.\n * \n * The default trigger step only has outputs defined for basic work item information. If you view \n * the step output in the Activity monitor it will have many more outputs. To make one of these \n * outputs available to other steps you must add it to the OUTPUTS section of the HTTP trigger \n * settings.\n */\n \nif (payload.eventType != 'workitem.updated') {\n    output['workItemId'] = payload.resource.id;\n    for (field in payload.resource.fields) {\n        fieldName = field.split('.').pop();\n        if(fieldName != 'WorkItemType') {\n            output['workItem' + fieldName] = payload.resource.fields[field];\n        } else {\n            output['workItemType'] = payload.resource.fields[field];\n        }\n    }\n} else if (payload.eventType == 'workitem.updated') {\n    output['workItemId'] = payload.resource.revision.id;\n    for (field in payload.resource.revision.fields) {\n        fieldName = field.split('.').pop();\n        if(fieldName != 'WorkItemType') {\n            output['workItem' + fieldName] = payload.resource.revision.fields[field];\n        } else {\n            output['workItemType'] = payload.resource.revision.fields[field];\n        }\n    }\n} else {\n    console.log('ERROR: Unable to load output fields.');\n}",
    "endpointLabel": "",
    "allowedEnvironment": "HOSTED",
    "accessibleByAll": "NotShared",
    "triggerAuthType": "API_KEY",
    "scriptStepType": "CUSTOM_HTTP",
    "inputs": [],
    "outputs": [
      {
        "id": "1170d41d-ed90-4aa0-a275-fcbe9e3e8117",
        "name": "subscriptionId",
        "description": "",
        "position": 0
      },
      {
        "id": "5df30f78-6beb-4611-a497-ef19b6f046f4",
        "name": "notificationNumber",
        "description": "",
        "position": 1
      },
      {
        "id": "3d335b3c-d121-4275-a80c-db24cf45f2cd",
        "name": "notificationId",
        "description": "",
        "position": 2
      },
      {
        "id": "f3765472-2037-4bec-9948-13cd70760b15",
        "name": "notificationEventType",
        "description": "",
        "position": 3
      },
      {
        "id": "0a19e0d4-fcf8-418f-bf94-5facb460906b",
        "name": "messageText",
        "description": "",
        "position": 4
      },
      {
        "id": "201caae8-6bed-4282-80b7-a9f5ce6b71b8",
        "name": "messageHtml",
        "description": "",
        "position": 5
      },
      {
        "id": "1de1894e-ce66-4c70-92aa-32591f2a4722",
        "name": "messageMarkdown",
        "description": "",
        "position": 6
      },
      {
        "id": "70ca0c3a-e077-4727-91f4-fbe99977334c",
        "name": "detailedText",
        "description": "",
        "position": 7
      },
      {
        "id": "d6936016-3966-4f3d-a598-5333a4df9b74",
        "name": "detailedHtml",
        "description": "",
        "position": 8
      },
      {
        "id": "76942971-aa0c-4d25-8bad-c52a4c3f62dc",
        "name": "detailedMarkdown",
        "description": "",
        "position": 9
      },
      {
        "id": "79cc4430-9c1c-41fc-818b-812ffac7bb9d",
        "name": "organization",
        "description": "",
        "position": 10
      },
      {
        "id": "fd080d5f-c494-45ff-970d-e0ff7bfe3aa1",
        "name": "workItemTeamProject",
        "description": "",
        "position": 11
      },
      {
        "id": "3ded3e21-463b-4db9-803a-75ffb2ae49a1",
        "name": "workItemId",
        "description": "",
        "position": 12
      },
      {
        "id": "387a9e7a-6a6f-45cb-b2b4-5dc800b3272d",
        "name": "workItemUrl",
        "description": "",
        "position": 13
      },
      {
        "id": "fdce3854-4e03-4195-b8da-b948475edcc2",
        "name": "workItemTitle",
        "description": "",
        "position": 14
      },
      {
        "id": "ec359080-4451-41e2-a438-13be55682dd2",
        "name": "workItemAssignedTo",
        "description": "",
        "position": 15
      },
      {
        "id": "d85cc89a-b411-4940-8428-4cabfc9f0f3e",
        "name": "workItemTags",
        "description": "",
        "position": 16
      },
      {
        "id": "c2f577c9-7b78-454d-949c-63607fc748a7",
        "name": "workItemState",
        "description": "",
        "position": 17
      },
      {
        "id": "837a5ebe-e070-49b4-9362-00fd404c2cae",
        "name": "workItemReason",
        "description": "",
        "position": 18
      },
      {
        "id": "bc2f2b4c-f64a-4fec-aa03-08bc0a7cd01c",
        "name": "workItemAreaPath",
        "description": "",
        "position": 19
      },
      {
        "id": "08d1d579-1533-4d25-89e5-d676dfcf73a5",
        "name": "workItemIterationPath",
        "description": "",
        "position": 20
      },
      {
        "id": "e3205340-7774-45cd-bbed-d8d806a651b0",
        "name": "workItemDescription",
        "description": "",
        "position": 21
      },
      {
        "id": "cee50157-3316-475f-b466-bd7d17c6434c",
        "name": "workItemReproSteps",
        "description": "",
        "position": 22
      },
      {
        "id": "53cfa795-f901-4565-add8-0877a1ae7766",
        "name": "workItemPriority",
        "description": "",
        "position": 23
      },
      {
        "id": "b5d6489e-c882-4921-bdd4-8722fb5504ba",
        "name": "workItemType",
        "description": "",
        "position": 24
      }
    ],
    "libraries": []
  },
  {
    "id": "d492e5aa-6dc2-4869-a223-a9da8eec7133",
    "name": "Get a Persons Email",
    "description": "",
    "icon": "http://s3-xmatters-static.s3.amazonaws.com/null/customers/8d580702-986e-4de3-873d-3a75b8073b42/IMAGE__20190509202204028__xmatters.png",
    "script": "var apiRequest = http.request({\n    'endpoint': 'xMatters',\n    'path': '/api/xm/1/people/' + input['personID'] + \"/devices\",\n    'method': 'GET'\n});\n\nvar apiResponse = apiRequest.write();\nvar device_list = \"\";\n\noutput['statusCode'] = apiResponse.statusCode;    \n\nif (apiResponse.statusCode == 200) {\n\n    var response = JSON.parse(apiResponse.body);\n  \n    for (var dev in response.data) {\n                \n        if( response.data[dev].deviceType == \"EMAIL\" && response.data[dev].name == \"Work Email\"){\n            output['Work Email'] = response.data[dev].emailAddress;\n        }\n        \n        if( response.data[dev].deviceType == \"EMAIL\" && response.data[dev].name == \"Home Email\"){\n            output['Home Email'] = response.data[dev].emailAddress;\n        }\n        \n    }\n}",
    "endpointLabel": "xMatters",
    "allowedEnvironment": "HOSTED",
    "accessibleByAll": "NotShared",
    "scriptStepType": "USER",
    "inputs": [
      {
        "id": "8e82aac7-92c9-4334-9117-10f2a39837e4",
        "name": "personID",
        "helpText": "",
        "defaultValue": "",
        "multiline": false,
        "required": true,
        "validationRegex": "",
        "maxLength": 2000,
        "minLength": 0,
        "position": 0
      }
    ],
    "outputs": [
      {
        "id": "191b9645-4215-49d2-8c75-7005463bfdfb",
        "name": "Work Email",
        "description": "",
        "position": 0
      },
      {
        "id": "f6f09310-6f74-478a-bf93-b4ec7c1fa6bb",
        "name": "Home Email",
        "description": "",
        "position": 1
      }
    ],
    "libraries": []
  }
]