[
  {
    "id": "ee2f02d9-3b01-4ae9-bc70-ef72ccd1bfad",
    "name": "Azure DevOps - Add Comment",
    "description": "",
    "icon": "https://s3-xmatters-static.s3.amazonaws.com/null/customers/b37a4596-1e89-4b51-98cd-83844cf25f31/IMAGE__20200204150738147__AzureDevOps.png",
    "script": "/**\n * This step can be used to add a comment to an Azure DevOps Board work item.\n */\n\nconst contentType = \"application/json-patch+json\";\nconst path = '/' + input['organization'].trim() + '/' + input['workItemTeamProject'].trim() + '/_apis/wit/workitems/' + input['workItemId'] + '/comments?api-version=5.1-preview.3';\n\nvar apiRequest = http.request({\n    'endpoint': 'Azure DevOps',\n    'path': path,\n    'method': 'POST',\n    'headers': {\n        'Content-Type': contentType\n    }\n});\n\nbody = {\n    \"text\": input['workItemComment']\n};\n\ntry {\n    var apiResponse = apiRequest.write(body);\n} catch (e) {\n    throw ('Azure DevOps:Issue submitting work item add comment request:' + e);\n}\n\nif (apiResponse.statusCode === 200) {\n    payload = JSON.parse(apiResponse.body);\n\n    output['commentId'] = payload.id;\n    output['result'] = 'succeeded';\n} else if (apiResponse.statusCode === 401) {\n    output['result'] = 'failed';\n    throw ('Azure DevOps:Unauthorized');\n} else if (apiResponse.statusCode === 400) {\n    output['result'] = 'failed';\n    response = JSON.parse(apiResponse.body);\n    throw ('Azure DevOps:' + response['message']);\n} else if (apiResponse.statusCode === 404) {\n    output['result'] = 'failed';\n    response = JSON.parse(apiResponse.body);\n    throw ('Azure DevOps:' + response['message']);\n} else {\n    output['result'] = 'failed';\n    throw ('Azure DevOps:Unknown');\n}",
    "endpointAuthType": "BASIC",
    "endpointLabel": "Azure DevOps",
    "allowedEnvironment": "HOSTED",
    "accessibleByAll": "NotShared",
    "scriptStepType": "USER",
    "inputs": [
      {
        "id": "3a96dcb8-f06c-4bfa-a82b-a0640f5450bd",
        "name": "organization",
        "helpText": "Organization name the work item is located in",
        "defaultValue": "",
        "multiline": false,
        "required": true,
        "validationRegex": "",
        "maxLength": 500,
        "minLength": 1,
        "position": 0
      },
      {
        "id": "ae02dc44-cdb6-469c-aaa7-5d2f1ec858ff",
        "name": "workItemTeamProject",
        "helpText": "Project name the work item is located",
        "defaultValue": "",
        "multiline": false,
        "required": true,
        "validationRegex": "",
        "maxLength": 500,
        "minLength": 1,
        "position": 1
      },
      {
        "id": "6cd2f1f3-fdf4-41c6-bc25-58cb67976284",
        "name": "workItemId",
        "helpText": "Work item ID to add the comment too",
        "defaultValue": "",
        "multiline": false,
        "required": true,
        "validationRegex": "",
        "maxLength": 500,
        "minLength": 1,
        "position": 2
      },
      {
        "id": "36e18043-d22e-4091-be56-8bdd6ecd176b",
        "name": "workItemComment",
        "helpText": "Comment text",
        "defaultValue": "",
        "multiline": true,
        "required": true,
        "validationRegex": "",
        "maxLength": 20000,
        "minLength": 1,
        "position": 3
      }
    ],
    "outputs": [
      {
        "id": "eb708a4f-78e5-42ee-b286-c83c31b45613",
        "name": "result",
        "description": "",
        "position": 0
      },
      {
        "id": "3a9ad22a-dbfb-4dca-9a71-5decd9aa0451",
        "name": "commentId",
        "description": "",
        "position": 1
      }
    ],
    "libraries": []
  },
  {
    "id": "bd54d231-4b46-4009-b873-25b545d5f949",
    "name": "Azure DevOps - Create Work Item",
    "description": "Creates an Azure DevOps work item with the provided values.",
    "icon": "https://s3-xmatters-static.s3.amazonaws.com/null/customers/b37a4596-1e89-4b51-98cd-83844cf25f31/IMAGE__20200204150738147__AzureDevOps.png",
    "script": "/**\n * This step can be used to create an Azure DevOps Board work item. It assumes default work item types and fields.\n * Depending on the type of work item there maybe more or less fields or different field name for similar data.\n */\n\nvar suppressNotifications = 'false';\nif (input['suppressNotifications'] !== \"\" && input['suppressNotifications'] !== null && input['suppressNotifications'] !== undefined) {\n    suppressNotifications = input['suppressNotifications'].trim().toLowerCase();\n    if (suppressNotifications != 'true' && suppressNotifications != 'false') {\n        console.log('WARN: suppressNofication set, but invalid value. Must be either true or false.');\n        console.log('WARN: Defaulting suppressNotification to false');\n        suppressNotifications = 'false';\n    }\n}\n\nconst contentType = \"application/json-patch+json\";\nconst path = '/' + input['organization'].trim() + '/' + input['workItemTeamProject'].trim() + '/_apis/wit/workitems/$' + input['workItemType'] + '?suppressNotifications=' + suppressNotifications + '&api-version=5.1';\n\nvar apiRequest = http.request({\n    'endpoint': 'Azure DevOps',\n    'path': path,\n    'method': 'POST',\n    'headers': {\n        'Content-Type': contentType\n    }\n});\n\nconsole.log('Work Item Type: ' + String(input['workItemType']));\nconsole.log('INFO: Building work item');\n\nvar body = [];\nif (input['workItemType'] !== \"\" && input['workItemType'] !== null && input['workItemType'] !== undefined) {\n    type = {\n        \"op\": \"add\",\n        \"path\": \"/fields/System.WorkItemType\",\n        \"from\": null,\n        \"value\": input['workItemType'].trim()\n    };\n    body.push(type);\n}\nif (input['workItemTitle'] !== \"\" && input['workItemTitle'] !== null && input['workItemTitle'] !== undefined) {\n    title = {\n        \"op\": \"add\",\n        \"path\": \"/fields/System.Title\",\n        \"from\": null,\n        \"value\": input['workItemTitle']\n    };\n    body.push(title);\n}\nif (input['workItemPriority'] !== \"\" && input['workItemPriority'] !== null && input['workItemPriority'] !== undefined) {\n    priority = {\n        \"op\": \"add\",\n        \"path\": \"/fields/Microsoft.VSTS.Common.Priority\",\n        \"from\": null,\n        \"value\": input['workItemPriority']\n    };\n    body.push(priority);\n}\nif (input['workItemState'] !== \"\" && input['workItemState'] !== null && input['workItemState'] !== undefined) {\n    state = {\n        \"op\": \"add\",\n        \"path\": \"/fields/System.State\",\n        \"from\": null,\n        \"value\": input['workItemState'].trim()\n    };\n    body.push(state);\n}\nif (input['workItemReason'] !== \"\" && input['workItemReason'] !== null && input['workItemReason'] !== undefined) {\n    reason = {\n        \"op\": \"add\",\n        \"path\": \"/fields/System.Reason\",\n        \"from\": null,\n        \"value\": input['workItemReason'].trim()\n    };\n    body.push(reason);\n}\nif (input['workItemSystem'] !== \"\" && input['workItemSystem'] !== null && input['workItemSystem'] !== undefined) {\n    systemInfo = {\n        \"op\": \"add\",\n        \"path\": \"/fields/Microsoft.VSTS.TCM.SystemInfo\",\n        \"from\": null,\n        \"value\": input['workItemSystem'].trim()\n    };\n    body.push(systemInfo);\n}\nif (input['workItemSeverity'] !== \"\" && input['workItemSeverity'] !== null && input['workItemSeverity'] !== undefined) {\n    severity = {\n        \"op\": \"add\",\n        \"path\": \"/fields/Microsoft.VSTS.Common.Severity\",\n        \"from\": null,\n        \"value\": input['workItemRisk'].trim()\n    };\n    body.push(severity);\n}\nif (input['workItemValueArea'] !== \"\" && input['workItemValueArea'] !== null && input['workItemValueArea'] !== undefined) {\n    valueArea = {\n        \"op\": \"add\",\n        \"path\": \"/fields/Microsoft.VSTS.Common.ValueArea\",\n        \"from\": null,\n        \"value\": input['workItemValueArea'].trim()\n    };\n    body.push(valueArea);\n}\nif (input['workItemReproSteps'] !== \"\" && input['workItemReproSteps'] !== null && input['workItemReproSteps'] !== undefined) {\n    reproSteps = {\n        \"op\": \"add\",\n        \"path\": \"/fields/Microsoft.VSTS.TCM.ReproSteps\",\n        \"from\": null,\n        \"value\": input['workItemReproSteps']\n    };\n    body.push(reproSteps);\n}\nif (input['workItemDescription'] !== \"\" && input['workItemDescription'] !== null && input['workItemDescription'] !== undefined) {\n    description = {\n        \"op\": \"add\",\n        \"path\": \"/fields/System.Description\",\n        \"from\": null,\n        \"value\": input['workItemDescription']\n    };\n    body.push(description);\n}\nif (input['workItemRisk'] !== \"\" && input['workItemRisk'] !== null && input['workItemRisk'] !== undefined) {\n    risk = {\n        \"op\": \"add\",\n        \"path\": \"/fields/Microsoft.VSTS.Common.Risk\",\n        \"from\": null,\n        \"value\": input['workItemRisk']\n    };\n    body.push(risk);\n}\nif (input['workItemTags'] !== \"\" && input['workItemTags'] !== null && input['workItemTags'] !== undefined) {\n    risk = {\n        \"op\": \"add\",\n        \"path\": \"/fields/System.Tags\",\n        \"from\": null,\n        \"value\": input['workItemTags']\n    };\n    body.push(risk);\n}\n\nbodyString = JSON.stringify(body);\n\nconsole.log('INFO: Sending create work item request');\ntry {\n    var apiResponse = apiRequest.write(bodyString);\n} catch (e) {\n    throw ('Azure DevOps:Issue submitting work item create request. \\n' + e);\n}\n\noutput['responseCode'] = apiResponse.statusCode;\n\nif (apiResponse.statusCode === 200) {\n    payload = JSON.parse(apiResponse.body);\n    output['result'] = 'succeeded';\n    output['workItemId'] = payload.id;\n    output['workItemUrl'] = payload._links.html.href;\n    console.log('INFO: Work item creation complete');\n} else if (apiResponse.statusCode === 401) {\n    output['result'] = 'failed';\n    throw ('ERROR:Azure DevOps:Unauthorized.');\n} else if (apiResponse.statusCode === 400) {\n    output['result'] = 'failed';\n    response = JSON.parse(apiResponse.body);\n    throw ('ERROR:Azure DevOps:' + response['message']);\n} else if (apiResponse.statusCode === 404) {\n    output['result'] = 'failed';\n    response = JSON.parse(apiResponse.body);\n    throw ('ERROR:Azure DevOps:' + response['message']);\n} else {\n    output['result'] = 'failed';\n    throw ('ERROR:Azure DevOps:Unknown');\n}",
    "endpointLabel": "Azure DevOps",
    "allowedEnvironment": "HOSTED",
    "accessibleByAll": "NotShared",
    "scriptStepType": "USER",
    "inputs": [
      {
        "id": "2ba4edbc-4233-4e8f-a333-4b64a316e562",
        "name": "suppressNotifications",
        "helpText": "Do you want to suppress Azure DevOps notifications of this update (true, false)?",
        "defaultValue": "false",
        "multiline": false,
        "required": false,
        "maxLength": 5,
        "minLength": 0,
        "position": 0
      },
      {
        "id": "80e1d283-72ea-4449-b9f9-566464df30a8",
        "name": "organization",
        "helpText": "Organization name to the work item is located",
        "defaultValue": "",
        "multiline": false,
        "required": true,
        "maxLength": 2000,
        "minLength": 0,
        "position": 1
      },
      {
        "id": "b2d42a5a-9bcd-4ebe-8cca-c4b804a65b1d",
        "name": "workItemTeamProject",
        "helpText": "Project name the work it is located in",
        "defaultValue": "",
        "multiline": false,
        "required": true,
        "maxLength": 2000,
        "minLength": 0,
        "position": 2
      },
      {
        "id": "ec99c088-0c42-41a6-b1ce-c90d7c17b2b5",
        "name": "workitemState",
        "helpText": "Set the state of the work item. Available values depends on work",
        "defaultValue": "",
        "multiline": false,
        "required": false,
        "maxLength": 2000,
        "minLength": 0,
        "position": 3
      },
      {
        "id": "7dc4a853-afa5-455f-ac18-2de6accfcccb",
        "name": "workItemReason",
        "helpText": "Set the reason of the work item. Available values depends on work",
        "defaultValue": "",
        "multiline": false,
        "required": false,
        "maxLength": 2000,
        "minLength": 0,
        "position": 4
      },
      {
        "id": "3eeac254-d3e8-41a1-805c-4c5f2eca0b30",
        "name": "workItemType",
        "helpText": "Set the type of work item (Bug, Issue, Feature, Task, Epic, User Story, etc)",
        "defaultValue": "",
        "multiline": false,
        "required": false,
        "maxLength": 2000,
        "minLength": 0,
        "position": 5
      },
      {
        "id": "4b94290e-6e63-4af7-aa14-76ce1a302430",
        "name": "workItemTitle",
        "helpText": "Set the title of the work item",
        "defaultValue": "",
        "multiline": false,
        "required": false,
        "maxLength": 20000,
        "minLength": 0,
        "position": 6
      },
      {
        "id": "05ca1470-d398-469f-b709-8dc8460ed2ec",
        "name": "workItemDescription",
        "helpText": "Set work item description",
        "defaultValue": "",
        "multiline": true,
        "required": false,
        "maxLength": 20000,
        "minLength": 0,
        "position": 7
      },
      {
        "id": "4054c087-1557-4dcb-ab6c-736058c91eb2",
        "name": "workItemReproSteps",
        "helpText": "(Bug only) Set the steps to reproduce a bug",
        "defaultValue": "",
        "multiline": true,
        "required": false,
        "maxLength": 20000,
        "minLength": 0,
        "position": 8
      },
      {
        "id": "d85c7056-dfe3-4c31-b77d-d35cc6c42917",
        "name": "workItemPriority",
        "helpText": "Set the work item priorities",
        "defaultValue": "",
        "multiline": false,
        "required": false,
        "maxLength": 2000,
        "minLength": 0,
        "position": 9
      },
      {
        "id": "cec9ef7e-4ae3-41f5-9513-7d50a73e5368",
        "name": "workItemRisk",
        "helpText": "Set the work item risk",
        "multiline": false,
        "required": false,
        "maxLength": 2000,
        "minLength": 0,
        "position": 10
      },
      {
        "id": "f02da2ee-ba15-4c42-aabb-4b4f985cd383",
        "name": "workItemValueArea",
        "helpText": "Set the value area for the work item",
        "defaultValue": "",
        "multiline": false,
        "required": false,
        "maxLength": 2000,
        "minLength": 0,
        "position": 11
      },
      {
        "id": "cbaf3bf7-73bd-47db-8a36-afa58c49290f",
        "name": "workItemTags",
        "helpText": "Set the tags applied to the work item. (semicolon separated list)",
        "defaultValue": "",
        "multiline": false,
        "required": false,
        "maxLength": 20000,
        "minLength": 0,
        "position": 12
      },
      {
        "id": "5b932986-8b45-45dc-a745-f7b663935884",
        "name": "workItemSystem",
        "helpText": "Set the work item system",
        "defaultValue": "",
        "multiline": false,
        "required": false,
        "maxLength": 2000,
        "minLength": 0,
        "position": 13
      },
      {
        "id": "067ac4bf-54db-40cd-a72a-186c393460d8",
        "name": "workItemSeverity",
        "helpText": "Set the severity of the work item",
        "defaultValue": "",
        "multiline": false,
        "required": false,
        "maxLength": 2000,
        "minLength": 0,
        "position": 14
      }
    ],
    "outputs": [
      {
        "id": "c3e52c62-5ba4-4ce1-bfb1-755849cecaed",
        "name": "result",
        "position": 0
      },
      {
        "id": "8c84ee96-147f-4b41-b6ac-52a5ddbff786",
        "name": "workItemId",
        "position": 1
      },
      {
        "id": "cd7e9475-05e1-4586-b915-a05613f8ab4e",
        "name": "workItemUrl",
        "position": 2
      }
    ],
    "libraries": []
  },
  {
    "id": "0c780652-eb67-4d02-b208-fbdaeb4ffd23",
    "name": "Azure DevOps - Update Work Item",
    "description": "Updates an Azure DevOps work item with the provided values. Fields left blank will not be updated. Any field you update the current value will be replaced with the new one. For example if you update the description it will not appended to the current description, but overwrite it.",
    "icon": "https://s3-xmatters-static.s3.amazonaws.com/null/customers/b37a4596-1e89-4b51-98cd-83844cf25f31/IMAGE__20200204150738147__AzureDevOps.png",
    "script": "/**\n * This step can be used to create an Azure DevOps Board work item. It assumes default work item types and fields.\n * Depending on the type of work item there maybe more or less fields or different field name for similar data.\n */\n\nvar suppressNotifications = 'false';\nif (input['suppressNotifications'] !== \"\" && input['suppressNotifications'] !== null && input['suppressNotifications'] !== undefined) {\n    suppressNotifications = input['suppressNotifications'].trim().toLowerCase();\n    if (suppressNotifications != 'true' && suppressNotifications != 'false') {\n        console.log('WARN: suppressNofication set, but invalid value. Must be either true or false.');\n        console.log('WARN: Defaulting suppressNotification to false');\n        suppressNotifications = 'false';\n    }\n}\n\nconst contentType = \"application/json-patch+json\";\nconst path = '/' + input['organization'].trim() + '/' + input['workItemTeamProject'].trim() + '/_apis/wit/workitems/' + input['workItemId'] + '?suppressNotifications=' + suppressNotifications + '&api-version=5.1';\n\nvar apiRequest = http.request({\n    'endpoint': 'Azure DevOps',\n    'path': path,\n    'method': 'PATCH',\n    'headers': {\n        'Content-Type': contentType\n    }\n});\n\nconsole.log('Work Item Type: ' + String(input['workItemType']));\nconsole.log('INFO: Building work item');\n\nvar body = [];\nif (input['workItemType'] !== \"\" && input['workItemType'] !== null && input['workItemType'] !== undefined) {\n    type = {\n        \"op\": \"add\",\n        \"path\": \"/fields/System.WorkItemType\",\n        \"from\": null,\n        \"value\": input['workItemType'].trim()\n    };\n    body.push(type);\n}\nif (input['workItemTitle'] !== \"\" && input['workItemTitle'] !== null && input['workItemTitle'] !== undefined) {\n    title = {\n        \"op\": \"add\",\n        \"path\": \"/fields/System.Title\",\n        \"from\": null,\n        \"value\": input['workItemTitle']\n    };\n    body.push(title);\n}\nif (input['workItemPriority'] !== \"\" && input['workItemPriority'] !== null && input['workItemPriority'] !== undefined) {\n    priority = {\n        \"op\": \"add\",\n        \"path\": \"/fields/Microsoft.VSTS.Common.Priority\",\n        \"from\": null,\n        \"value\": input['workItemPriority']\n    };\n    body.push(priority);\n}\nif (input['workItemState'] !== \"\" && input['workItemState'] !== null && input['workItemState'] !== undefined) {\n    state = {\n        \"op\": \"add\",\n        \"path\": \"/fields/System.State\",\n        \"from\": null,\n        \"value\": input['workItemState'].trim()\n    };\n    body.push(state);\n}\nif (input['workItemReason'] !== \"\" && input['workItemReason'] !== null && input['workItemReason'] !== undefined) {\n    reason = {\n        \"op\": \"add\",\n        \"path\": \"/fields/System.Reason\",\n        \"from\": null,\n        \"value\": input['workItemReason'].trim()\n    };\n    body.push(reason);\n}\nif (input['workItemSystem'] !== \"\" && input['workItemSystem'] !== null && input['workItemSystem'] !== undefined) {\n    systemInfo = {\n        \"op\": \"add\",\n        \"path\": \"/fields/Microsoft.VSTS.TCM.SystemInfo\",\n        \"from\": null,\n        \"value\": input['workItemSystem'].trim()\n    };\n    body.push(systemInfo);\n}\nif (input['workItemSeverity'] !== \"\" && input['workItemSeverity'] !== null && input['workItemSeverity'] !== undefined) {\n    severity = {\n        \"op\": \"add\",\n        \"path\": \"/fields/Microsoft.VSTS.Common.Severity\",\n        \"from\": null,\n        \"value\": input['workItemRisk'].trim()\n    };\n    body.push(severity);\n}\nif (input['workItemValueArea'] !== \"\" && input['workItemValueArea'] !== null && input['workItemValueArea'] !== undefined) {\n    valueArea = {\n        \"op\": \"add\",\n        \"path\": \"/fields/Microsoft.VSTS.Common.ValueArea\",\n        \"from\": null,\n        \"value\": input['workItemValueArea'].trim()\n    };\n    body.push(valueArea);\n}\nif (input['workItemReproSteps'] !== \"\" && input['workItemReproSteps'] !== null && input['workItemReproSteps'] !== undefined) {\n    reproSteps = {\n        \"op\": \"add\",\n        \"path\": \"/fields/Microsoft.VSTS.TCM.ReproSteps\",\n        \"from\": null,\n        \"value\": input['workItemReproSteps']\n    };\n    body.push(reproSteps);\n}\nif (input['workItemDescription'] !== \"\" && input['workItemDescription'] !== null && input['workItemDescription'] !== undefined) {\n    description = {\n        \"op\": \"add\",\n        \"path\": \"/fields/System.Description\",\n        \"from\": null,\n        \"value\": input['workItemDescription']\n    };\n    body.push(description);\n}\nif (input['workItemRisk'] !== \"\" && input['workItemRisk'] !== null && input['workItemRisk'] !== undefined) {\n    risk = {\n        \"op\": \"add\",\n        \"path\": \"/fields/Microsoft.VSTS.Common.Risk\",\n        \"from\": null,\n        \"value\": input['workItemRisk']\n    };\n    body.push(risk);\n}\nif (input['workItemTags'] !== \"\" && input['workItemTags'] !== null && input['workItemTags'] !== undefined) {\n    risk = {\n        \"op\": \"add\",\n        \"path\": \"/fields/System.Tags\",\n        \"from\": null,\n        \"value\": input['workItemTags']\n    };\n    body.push(risk);\n}\n\nbodyString = JSON.stringify(body);\n\nconsole.log('INFO: Sending update work item request');\ntry {\n    var apiResponse = apiRequest.write(bodyString);\n} catch (e) {\n    throw ('Azure DevOps:Issue submitting work item update request. \\n' + e);\n}\n\noutput['responseCode'] = apiResponse.statusCode;\n\nif (apiResponse.statusCode === 200) {\n    payload = JSON.parse(apiResponse.body);\n    output['result'] = 'succeeded';\n    console.log('INFO: Work item creation complete');\n} else if (apiResponse.statusCode === 401) {\n    output['result'] = 'failed';\n    throw ('ERROR:Azure DevOps:Unauthorized.');\n} else if (apiResponse.statusCode === 400) {\n    output['result'] = 'failed';\n    response = JSON.parse(apiResponse.body);\n    throw ('ERROR:Azure DevOps:' + response['message']);\n} else if (apiResponse.statusCode === 404) {\n    output['result'] = 'failed';\n    response = JSON.parse(apiResponse.body);\n    throw ('ERROR:Azure DevOps:' + response['message']);\n} else {\n    output['result'] = 'failed';\n    throw ('ERROR:Azure DevOps:Unknown');\n}",
    "endpointLabel": "Azure DevOps",
    "allowedEnvironment": "HOSTED",
    "accessibleByAll": "NotShared",
    "scriptStepType": "USER",
    "inputs": [
      {
        "id": "ef8cf8fe-236e-453e-ad49-544dacb789a5",
        "name": "suppressNotifications",
        "helpText": "Do you want to suppress Azure DevOps notifications of this update (true, false)?",
        "defaultValue": "false",
        "multiline": false,
        "required": false,
        "maxLength": 5,
        "minLength": 0,
        "position": 0
      },
      {
        "id": "cfe1209a-32ef-4bed-8a4c-e1bfcd247d11",
        "name": "organization",
        "helpText": "Organization name to the work item is located",
        "defaultValue": "",
        "multiline": false,
        "required": true,
        "maxLength": 2000,
        "minLength": 0,
        "position": 1
      },
      {
        "id": "ed7d77f7-6217-4690-916f-eae47ba2ca04",
        "name": "workItemTeamProject",
        "helpText": "Project name the work it is located in",
        "defaultValue": "",
        "multiline": false,
        "required": true,
        "maxLength": 2000,
        "minLength": 0,
        "position": 2
      },
      {
        "id": "06dd198c-bc6e-4655-bf50-b8ba49764a06",
        "name": "workItemId",
        "helpText": "ID of the work item you want to update",
        "defaultValue": "",
        "multiline": false,
        "required": true,
        "maxLength": 2000,
        "minLength": 0,
        "position": 3
      },
      {
        "id": "db2aa82c-4109-4fee-96ef-c17d89b7e64a",
        "name": "workItemState",
        "helpText": "Change the state of the work item. Available values depends on work",
        "defaultValue": "",
        "multiline": false,
        "required": false,
        "maxLength": 2000,
        "minLength": 0,
        "position": 4
      },
      {
        "id": "ff5ed1a3-bfad-4ee0-a135-3521d7261b7e",
        "name": "workItemReason",
        "helpText": "Change the reason of the work item. Available values depends on work",
        "defaultValue": "",
        "multiline": false,
        "required": false,
        "maxLength": 2000,
        "minLength": 0,
        "position": 5
      },
      {
        "id": "fe020500-436b-46ca-a190-7dbc432ebc0b",
        "name": "workItemType",
        "helpText": "Change the type of work item (Bug, Issue, Feature, Task, Epic, User Story, etc)",
        "defaultValue": "",
        "multiline": false,
        "required": false,
        "maxLength": 2000,
        "minLength": 0,
        "position": 6
      },
      {
        "id": "982ecdaf-13e7-457e-a510-6d8ecfeac616",
        "name": "workItemTitle",
        "helpText": "Change the title of the work item",
        "defaultValue": "",
        "multiline": false,
        "required": false,
        "maxLength": 20000,
        "minLength": 0,
        "position": 7
      },
      {
        "id": "861d2c02-45a8-4f40-b3ec-a630f5eda08c",
        "name": "workItemDescription",
        "helpText": "Change work item description",
        "defaultValue": "",
        "multiline": true,
        "required": false,
        "maxLength": 20000,
        "minLength": 0,
        "position": 8
      },
      {
        "id": "09f957d6-74a7-44c3-817b-0785a4da71be",
        "name": "workItemReproSteps",
        "helpText": "Change the steps to reproduce a bug",
        "defaultValue": "",
        "multiline": true,
        "required": false,
        "maxLength": 20000,
        "minLength": 0,
        "position": 9
      },
      {
        "id": "b070dc59-62db-4fe8-93e6-41eacfcd9cee",
        "name": "workItemPriority",
        "helpText": "Change the work item priorities",
        "defaultValue": "",
        "multiline": false,
        "required": false,
        "maxLength": 2000,
        "minLength": 0,
        "position": 10
      },
      {
        "id": "ee62fcaf-eb5f-4731-977c-91e533f9d93b",
        "name": "workItemRisk",
        "helpText": "Change the work item risk",
        "multiline": false,
        "required": false,
        "maxLength": 2000,
        "minLength": 0,
        "position": 11
      },
      {
        "id": "d81d4704-b49c-49ac-b361-2f90ed963894",
        "name": "workItemValueArea",
        "helpText": "Change the value area for the work item",
        "defaultValue": "",
        "multiline": false,
        "required": false,
        "maxLength": 2000,
        "minLength": 0,
        "position": 12
      },
      {
        "id": "d711b1be-7711-4c31-893b-67da8464286c",
        "name": "workItemTags",
        "helpText": "Change the tags applied to the work item. (semicolon separated list)",
        "defaultValue": "",
        "multiline": false,
        "required": false,
        "maxLength": 20000,
        "minLength": 0,
        "position": 13
      },
      {
        "id": "ce68dfff-5b8e-4ab4-a1ee-7c6efa1e7779",
        "name": "workItemSystem",
        "helpText": "Change the work item system",
        "defaultValue": "",
        "multiline": false,
        "required": false,
        "maxLength": 2000,
        "minLength": 0,
        "position": 14
      },
      {
        "id": "ed24dcc2-9048-49e6-9ca8-e8ff7cd6a28e",
        "name": "workItemSeverity",
        "helpText": "Change the severity of the work item",
        "defaultValue": "",
        "multiline": false,
        "required": false,
        "maxLength": 2000,
        "minLength": 0,
        "position": 15
      }
    ],
    "outputs": [
      {
        "id": "3d060cd9-a3e3-45d6-a5c3-719e7960fb6b",
        "name": "result",
        "position": 0
      }
    ],
    "libraries": []
  },
  {
    "id": "1a30df06-2283-49ea-a918-afa22e20d4fc",
    "name": "Azure DevOps - Work Item Event",
    "description": "Accepts Service Hook notifications from Azure DevOps for Work Item events. It outputs the notification details and basic information about the work item. It can be modified to output more work item details. [See comments in script code]",
    "icon": "https://s3-xmatters-static.s3.amazonaws.com/null/customers/b37a4596-1e89-4b51-98cd-83844cf25f31/IMAGE__20200204150738147__AzureDevOps.png",
    "script": "//Try to parse request body\ntry {\n    var payload = JSON.parse(request.body);\n} catch (e) {\n    throw new Error('Cannot parse request body: \\n' + request.body);\n}\n\n//Verify that the notifiation type is for a workitem\nif (payload.eventType === 'undefined' || payload.eventType.includes('workitem.') == false) {\n    console.log('Event Type:' + payload.eventType);\n    throw new Error('Not an Azure DevOps work item event notification. \\n' + request.body);\n}\n\n//Load standard notification output fields\noutput.subscriptionId = payload.subscriptionId;\noutput.notificationNumber = payload.notificationId;\noutput.notificationId = payload.id;\noutput.notificationEventType = payload.eventType;\noutput.messageText = payload.message.text;\noutput.messageHtml = payload.message.html;\noutput.messageMarkdown = payload.message.markdown;\noutput.detailedText = payload.detailedMessage.text;\noutput.detailedHtml = payload.detailedMessage.html;\noutput.detailedMarkdown = payload.detailedMessage.markdown;\n\n//If it was not a workitem.delete action set workitem URL\nif (payload.eventType != 'workitem.delete') {\n    output.workItemUrl = payload.resource._links.html.href;\n}\n\n//Get the organization name from one of the URLs\nre = new RegExp('(?<=^https:\\/\\/dev.azure.com/).+?(?=\\/)', 'gs');\norganization = payload.resource.url.match(re);\noutput.organization = organization[0];\n\n/** \n * Check if event type is an update, because updated work item field paths are slightly different.\n * Then load each field into a step output. Each output will take the Azure DevOps work item field\n * and prefix it with \"workItem\" to create the output name.\n * \n * The default trigger step only has outputs defined for basic work item information. If you view \n * the step output in the Activity monitor it will have many more outputs. To make one of these \n * outputs available to other steps you must add it to the OUTPUTS section of the HTTP trigger \n * settings.\n */\n \nif (payload.eventType != 'workitem.updated') {\n    output['workItemId'] = payload.resource.id;\n    for (field in payload.resource.fields) {\n        fieldName = field.split('.').pop();\n        if(fieldName != 'WorkItemType') {\n            output['workItem' + fieldName] = payload.resource.fields[field];\n        } else {\n            output['workItemType'] = payload.resource.fields[field];\n        }\n    }\n} else if (payload.eventType == 'workitem.updated') {\n    output['workItemId'] = payload.resource.revision.id;\n    for (field in payload.resource.revision.fields) {\n        fieldName = field.split('.').pop();\n        if(fieldName != 'WorkItemType') {\n            output['workItem' + fieldName] = payload.resource.revision.fields[field];\n        } else {\n            output['workItemType'] = payload.resource.revision.fields[field];\n        }\n    }\n} else {\n    console.log('ERROR: Unable to load output fields.');\n}",
    "allowedEnvironment": "HOSTED",
    "accessibleByAll": "NotShared",
    "triggerAuthType": "API_KEY",
    "scriptStepType": "CUSTOM_HTTP",
    "inputs": [],
    "outputs": [
      {
        "id": "1170d41d-ed90-4aa0-a275-fcbe9e3e8117",
        "name": "subscriptionId",
        "position": 0
      },
      {
        "id": "5df30f78-6beb-4611-a497-ef19b6f046f4",
        "name": "notificationNumber",
        "position": 1
      },
      {
        "id": "3d335b3c-d121-4275-a80c-db24cf45f2cd",
        "name": "notificationId",
        "position": 2
      },
      {
        "id": "f3765472-2037-4bec-9948-13cd70760b15",
        "name": "notificationEventType",
        "position": 3
      },
      {
        "id": "0a19e0d4-fcf8-418f-bf94-5facb460906b",
        "name": "messageText",
        "position": 4
      },
      {
        "id": "201caae8-6bed-4282-80b7-a9f5ce6b71b8",
        "name": "messageHtml",
        "position": 5
      },
      {
        "id": "1de1894e-ce66-4c70-92aa-32591f2a4722",
        "name": "messageMarkdown",
        "position": 6
      },
      {
        "id": "70ca0c3a-e077-4727-91f4-fbe99977334c",
        "name": "detailedText",
        "position": 7
      },
      {
        "id": "d6936016-3966-4f3d-a598-5333a4df9b74",
        "name": "detailedHtml",
        "position": 8
      },
      {
        "id": "76942971-aa0c-4d25-8bad-c52a4c3f62dc",
        "name": "detailedMarkdown",
        "position": 9
      },
      {
        "id": "79cc4430-9c1c-41fc-818b-812ffac7bb9d",
        "name": "organization",
        "position": 10
      },
      {
        "id": "fd080d5f-c494-45ff-970d-e0ff7bfe3aa1",
        "name": "workItemTeamProject",
        "position": 11
      },
      {
        "id": "3ded3e21-463b-4db9-803a-75ffb2ae49a1",
        "name": "workItemId",
        "position": 12
      },
      {
        "id": "387a9e7a-6a6f-45cb-b2b4-5dc800b3272d",
        "name": "workItemUrl",
        "position": 13
      },
      {
        "id": "fdce3854-4e03-4195-b8da-b948475edcc2",
        "name": "workItemTitle",
        "position": 14
      },
      {
        "id": "ec359080-4451-41e2-a438-13be55682dd2",
        "name": "workItemAssignedTo",
        "position": 15
      },
      {
        "id": "d85cc89a-b411-4940-8428-4cabfc9f0f3e",
        "name": "workItemTags",
        "position": 16
      },
      {
        "id": "c2f577c9-7b78-454d-949c-63607fc748a7",
        "name": "workItemState",
        "position": 17
      },
      {
        "id": "837a5ebe-e070-49b4-9362-00fd404c2cae",
        "name": "workItemReason",
        "position": 18
      },
      {
        "id": "bc2f2b4c-f64a-4fec-aa03-08bc0a7cd01c",
        "name": "workItemAreaPath",
        "position": 19
      },
      {
        "id": "08d1d579-1533-4d25-89e5-d676dfcf73a5",
        "name": "workItemIterationPath",
        "position": 20
      },
      {
        "id": "e3205340-7774-45cd-bbed-d8d806a651b0",
        "name": "workItemDescription",
        "position": 21
      },
      {
        "id": "cee50157-3316-475f-b466-bd7d17c6434c",
        "name": "workItemReproSteps",
        "position": 22
      },
      {
        "id": "53cfa795-f901-4565-add8-0877a1ae7766",
        "name": "workItemPriority",
        "position": 23
      },
      {
        "id": "b5d6489e-c882-4921-bdd4-8722fb5504ba",
        "name": "workItemType",
        "position": 24
      }
    ],
    "libraries": []
  }
]