{
  "name": "Work Item Created",
  "form": "4e0fc1cc-48b8-4d86-aa5e-e97b2bd14e63",
  "blocks": [
    {
      "id": "d0885afa-13fb-4c67-bd96-0b8b529eb7c0",
      "label": "Acknowledge",
      "environment": "HOSTED",
      "presentation": "{}",
      "step": "0bbce5fa-a474-4a1a-80b7-4b45a140998d",
      "stepType": "INTEGRATION"
    },
    {
      "id": "80c3c58b-8c10-4a51-b0b2-9b5eb4aa92b7",
      "endpoint": "Azure DevOps",
      "label": "Azure DevOps - Add Comment",
      "environment": "HOSTED",
      "presentation": "{\"w\":60,\"x\":170,\"h\":60,\"y\":468}",
      "step": "ee2f02d9-3b01-4ae9-bc70-ef72ccd1bfad",
      "stepType": "SCRIPT_STEP",
      "inputMappings": [
        {
          "inputPort": "input",
          "mapping": "${event.properties.organization}",
          "stepInput": "3a96dcb8-f06c-4bfa-a82b-a0640f5450bd"
        },
        {
          "inputPort": "input",
          "mapping": "${event.properties.workItemTeamProject}",
          "stepInput": "ae02dc44-cdb6-469c-aaa7-5d2f1ec858ff"
        },
        {
          "inputPort": "input",
          "mapping": "${event.properties.workItemId}",
          "stepInput": "6cd2f1f3-fdf4-41c6-bc25-58cb67976284"
        },
        {
          "inputPort": "input",
          "mapping": "Notification to ${triggerOutputDELIVERYSTATUS.notification.recipient.owner.firstName} ${triggerOutputDELIVERYSTATUS.notification.recipient.owner.lastName} (${triggerOutputDELIVERYSTATUS.notification.recipient.name}) ${triggerOutputDELIVERYSTATUS.notification.deliveryStatus}",
          "stepInput": "36e18043-d22e-4091-be56-8bdd6ecd176b"
        }
      ]
    },
    {
      "id": "8562c66f-2309-4eaa-8968-6ef4943dad1d",
      "endpoint": "Azure DevOps",
      "label": "Azure DevOps - Add Comment",
      "environment": "HOSTED",
      "presentation": "{\"w\":60,\"x\":170,\"h\":60,\"y\":890}",
      "step": "ee2f02d9-3b01-4ae9-bc70-ef72ccd1bfad",
      "stepType": "SCRIPT_STEP",
      "inputMappings": [
        {
          "inputPort": "input",
          "mapping": "${event.properties.organization}",
          "stepInput": "3a96dcb8-f06c-4bfa-a82b-a0640f5450bd"
        },
        {
          "inputPort": "input",
          "mapping": "${event.properties.workItemTeamProject}",
          "stepInput": "ae02dc44-cdb6-469c-aaa7-5d2f1ec858ff"
        },
        {
          "inputPort": "input",
          "mapping": "${event.properties.workItemId}",
          "stepInput": "6cd2f1f3-fdf4-41c6-bc25-58cb67976284"
        },
        {
          "inputPort": "input",
          "mapping": "${triggerOutputRESPONSE.respondedTo.by.firstName} ${triggerOutputRESPONSE.respondedTo.by.lastName} dismissed the notification",
          "stepInput": "36e18043-d22e-4091-be56-8bdd6ecd176b"
        }
      ]
    },
    {
      "id": "aac281f3-9c09-4998-9300-d406d6c0fa97",
      "endpoint": "Azure DevOps",
      "label": "Azure DevOps - Add Comment",
      "environment": "HOSTED",
      "presentation": "{\"w\":60,\"x\":170,\"h\":60,\"y\":720}",
      "step": "ee2f02d9-3b01-4ae9-bc70-ef72ccd1bfad",
      "stepType": "SCRIPT_STEP",
      "inputMappings": [
        {
          "inputPort": "input",
          "mapping": "${event.properties.organization}",
          "stepInput": "3a96dcb8-f06c-4bfa-a82b-a0640f5450bd"
        },
        {
          "inputPort": "input",
          "mapping": "${event.properties.workItemTeamProject}",
          "stepInput": "ae02dc44-cdb6-469c-aaa7-5d2f1ec858ff"
        },
        {
          "inputPort": "input",
          "mapping": "${event.properties.workItemId}",
          "stepInput": "6cd2f1f3-fdf4-41c6-bc25-58cb67976284"
        },
        {
          "inputPort": "input",
          "mapping": "${triggerOutputRESPONSE.respondedTo.by.firstName} ${triggerOutputRESPONSE.respondedTo.by.lastName} acknowledged the notification",
          "stepInput": "36e18043-d22e-4091-be56-8bdd6ecd176b"
        }
      ]
    },
    {
      "id": "b5edd192-2d6b-4c44-962a-72fe67fe800f",
      "endpoint": "Azure DevOps",
      "label": "Azure DevOps - Add Comment",
      "environment": "HOSTED",
      "presentation": "{\"w\":60,\"x\":510,\"h\":60,\"y\":149}",
      "step": "ee2f02d9-3b01-4ae9-bc70-ef72ccd1bfad",
      "stepType": "SCRIPT_STEP",
      "inputMappings": [
        {
          "inputPort": "input",
          "mapping": "${8857665c-ac6b-461b-83b4-cd9b343ecec1.organization}",
          "stepInput": "3a96dcb8-f06c-4bfa-a82b-a0640f5450bd"
        },
        {
          "inputPort": "input",
          "mapping": "${8857665c-ac6b-461b-83b4-cd9b343ecec1.workItemTeamProject}",
          "stepInput": "ae02dc44-cdb6-469c-aaa7-5d2f1ec858ff"
        },
        {
          "inputPort": "input",
          "mapping": "${8857665c-ac6b-461b-83b4-cd9b343ecec1.workItemId}",
          "stepInput": "6cd2f1f3-fdf4-41c6-bc25-58cb67976284"
        },
        {
          "inputPort": "input",
          "mapping": "Notification sent to ${d60e7c40-a22e-4fde-9f5e-96e193ea5f92.recipients}",
          "stepInput": "36e18043-d22e-4091-be56-8bdd6ecd176b"
        }
      ]
    },
    {
      "id": "bbb02ec4-04ff-4e33-8c44-039fa01ec3b0",
      "endpoint": "Azure DevOps",
      "label": "Azure DevOps - Add Comment",
      "environment": "HOSTED",
      "presentation": "{\"w\":60,\"x\":170,\"h\":60,\"y\":1427}",
      "step": "ee2f02d9-3b01-4ae9-bc70-ef72ccd1bfad",
      "stepType": "SCRIPT_STEP",
      "inputMappings": [
        {
          "inputPort": "input",
          "mapping": "${event.properties.organization}",
          "stepInput": "3a96dcb8-f06c-4bfa-a82b-a0640f5450bd"
        },
        {
          "inputPort": "input",
          "mapping": "${event.properties.workItemTeamProject}",
          "stepInput": "ae02dc44-cdb6-469c-aaa7-5d2f1ec858ff"
        },
        {
          "inputPort": "input",
          "mapping": "${event.properties.workItemId}",
          "stepInput": "6cd2f1f3-fdf4-41c6-bc25-58cb67976284"
        },
        {
          "inputPort": "input",
          "mapping": "${triggerOutputANNOTATION.annotation.author.firstName} ${triggerOutputANNOTATION.annotation.author.lastName} - ${triggerOutputANNOTATION.annotation.comment}",
          "stepInput": "36e18043-d22e-4091-be56-8bdd6ecd176b"
        }
      ]
    },
    {
      "id": "5df1b3e1-0342-402f-99eb-3e4f5aa218f0",
      "endpoint": "Azure DevOps",
      "label": "Azure DevOps - Add Comment",
      "environment": "HOSTED",
      "presentation": "{\"w\":60,\"x\":323,\"h\":60,\"y\":1263}",
      "step": "ee2f02d9-3b01-4ae9-bc70-ef72ccd1bfad",
      "stepType": "SCRIPT_STEP",
      "inputMappings": [
        {
          "inputPort": "input",
          "mapping": "${event.properties.organization}",
          "stepInput": "3a96dcb8-f06c-4bfa-a82b-a0640f5450bd"
        },
        {
          "inputPort": "input",
          "mapping": "${event.properties.workItemTeamProject}",
          "stepInput": "ae02dc44-cdb6-469c-aaa7-5d2f1ec858ff"
        },
        {
          "inputPort": "input",
          "mapping": "${event.properties.workItemId}",
          "stepInput": "6cd2f1f3-fdf4-41c6-bc25-58cb67976284"
        },
        {
          "inputPort": "input",
          "mapping": "${triggerOutputRESPONSE.respondedTo.by.firstName} ${triggerOutputRESPONSE.respondedTo.by.lastName} requested the work item be CLOSED",
          "stepInput": "36e18043-d22e-4091-be56-8bdd6ecd176b"
        }
      ]
    },
    {
      "id": "cad53465-cf7b-4a59-876c-fb53a20fdd20",
      "endpoint": "Azure DevOps",
      "label": "Azure DevOps - Create Work Item",
      "environment": "HOSTED",
      "presentation": "{\"w\":60,\"x\":161,\"h\":60,\"y\":1105}",
      "step": "bd54d231-4b46-4009-b873-25b545d5f949",
      "stepType": "SCRIPT_STEP",
      "inputMappings": [
        {
          "inputPort": "input",
          "mapping": "true",
          "stepInput": "2ba4edbc-4233-4e8f-a333-4b64a316e562"
        },
        {
          "inputPort": "input",
          "mapping": "${event.properties.organization}",
          "stepInput": "80e1d283-72ea-4449-b9f9-566464df30a8"
        },
        {
          "inputPort": "input",
          "mapping": "${event.properties.workItemTeamProject}",
          "stepInput": "b2d42a5a-9bcd-4ebe-8cca-c4b804a65b1d"
        },
        {
          "inputPort": "input",
          "mapping": "Task",
          "stepInput": "3eeac254-d3e8-41a1-805c-4c5f2eca0b30"
        },
        {
          "inputPort": "input",
          "mapping": "New task related to ${event.properties.workItemId}",
          "stepInput": "4b94290e-6e63-4af7-aa14-76ce1a302430"
        },
        {
          "inputPort": "input",
          "mapping": "Task related to ${event.properties.workItemId} - ${event.properties.workItemTitle}",
          "stepInput": "05ca1470-d398-469f-b709-8dc8460ed2ec"
        },
        {
          "inputPort": "input",
          "mapping": "${event.properties.workItemId}",
          "stepInput": "cbaf3bf7-73bd-47db-8a36-afa58c49290f"
        }
      ]
    },
    {
      "id": "92c79e17-05fe-4bb4-8d93-84e37bc7de4b",
      "endpoint": "Azure DevOps",
      "label": "Azure DevOps - Update Work Item",
      "environment": "HOSTED",
      "presentation": "{\"w\":60,\"x\":159,\"h\":60,\"y\":1262}",
      "step": "0c780652-eb67-4d02-b208-fbdaeb4ffd23",
      "stepType": "SCRIPT_STEP",
      "inputMappings": [
        {
          "inputPort": "input",
          "mapping": "true",
          "stepInput": "ef8cf8fe-236e-453e-ad49-544dacb789a5"
        },
        {
          "inputPort": "input",
          "mapping": "${event.properties.organization}",
          "stepInput": "cfe1209a-32ef-4bed-8a4c-e1bfcd247d11"
        },
        {
          "inputPort": "input",
          "mapping": "${event.properties.workItemTeamProject}",
          "stepInput": "ed7d77f7-6217-4690-916f-eae47ba2ca04"
        },
        {
          "inputPort": "input",
          "mapping": "${event.properties.workItemId}",
          "stepInput": "06dd198c-bc6e-4655-bf50-b8ba49764a06"
        },
        {
          "inputPort": "input",
          "mapping": "Closed",
          "stepInput": "db2aa82c-4109-4fee-96ef-c17d89b7e64a"
        }
      ]
    },
    {
      "id": "a1f5bd0a-d148-4b39-94c8-3500da4c6131",
      "label": "Close Work Item",
      "environment": "HOSTED",
      "presentation": "{}",
      "step": "6cffbb5b-b9ad-43cd-b2d7-5809483d2163",
      "stepType": "INTEGRATION"
    },
    {
      "id": "0787f199-a3f9-4ee8-95c5-5879c23d8947",
      "label": "Create Related Task",
      "environment": "HOSTED",
      "presentation": "{}",
      "step": "cf8f56f1-474e-455f-b06f-44a51989ad23",
      "stepType": "INTEGRATION"
    },
    {
      "id": "4dff727e-64fb-4af0-b16b-a120ab9944e1",
      "label": "Dismiss",
      "environment": "HOSTED",
      "presentation": "{}",
      "step": "f7cd93e8-68b6-4c03-bbf0-3b3558615e10",
      "stepType": "INTEGRATION"
    },
    {
      "id": "762c3a61-eae5-4403-89ff-992344c254fc",
      "label": "Responses",
      "environment": "HOSTED",
      "presentation": "{\"w\":100,\"x\":0,\"h\":50,\"y\":638}",
      "stepType": "RESPONSES"
    },
    {
      "id": "a2ad461a-c0bf-47a5-a589-44867ae760b9",
      "label": "Switch",
      "environment": "HOSTED",
      "presentation": "{\"w\":60,\"x\":170,\"h\":60,\"y\":0}",
      "stepType": "SWITCH",
      "inputMappings": [
        {
          "inputPort": "input",
          "mapping": "${8857665c-ac6b-461b-83b4-cd9b343ecec1.notificationEventType}"
        }
      ],
      "switchCases": [
        {
          "caseId": "2f398c93-97c1-4ddb-9995-af2e9a572dd2",
          "caseValue": "workitem.created"
        }
      ]
    },
    {
      "id": "a43d376f-4e9a-4eb6-8700-4978ff7456bc",
      "label": "Terminate Events",
      "environment": "HOSTED",
      "presentation": "{\"w\":60,\"x\":483,\"h\":60,\"y\":1264}",
      "step": "798e3053-b4b4-5e8c-ba84-8a11c3be6237",
      "stepType": "SCRIPT_STEP",
      "inputMappings": [
        {
          "inputPort": "input",
          "mapping": "${event.id}",
          "stepInput": "4fdf2591-4925-5682-8911-f0163d7f98dd"
        }
      ]
    },
    {
      "id": "8857665c-ac6b-461b-83b4-cd9b343ecec1",
      "label": "Work Item Created - Azure DevOps - Work Item Event",
      "environment": "HOSTED",
      "presentation": "{\"w\":60,\"x\":0,\"h\":60,\"y\":149}",
      "step": "6d12498d-067e-4184-81f1-4e97bd0f26d1",
      "stepType": "INTEGRATION"
    },
    {
      "id": "2248d9cd-125c-4eab-8c65-6445c25519c8",
      "label": "Work Item Created - Device Delivery Updates",
      "environment": "HOSTED",
      "presentation": "{\"w\":60,\"x\":0,\"h\":60,\"y\":468}",
      "step": "bb4873b5-0616-45dc-8090-76440e26c798",
      "stepType": "INTEGRATION"
    },
    {
      "id": "a60f2dd7-9619-4245-9b10-a3d101b59220",
      "label": "Work Item Created - Event Comments",
      "environment": "HOSTED",
      "presentation": "{\"w\":60,\"x\":7,\"h\":60,\"y\":1427}",
      "step": "d3fddb9d-7ea8-4d59-b9f7-00b41d696b54",
      "stepType": "INTEGRATION"
    },
    {
      "id": "d60e7c40-a22e-4fde-9f5e-96e193ea5f92",
      "label": "xMatters Create Event - Work Item Created",
      "environment": "HOSTED",
      "presentation": "{\"w\":60,\"x\":340,\"h\":60,\"y\":149}",
      "step": "4e0fc1cc-48b8-4d86-aa5e-e97b2bd14e63",
      "stepType": "CREATE_EVENT",
      "inputMappings": [
        {
          "inputPort": "input",
          "mapping": "${8857665c-ac6b-461b-83b4-cd9b343ecec1.organization}",
          "sectionItemKey": "96bf0a67-a73f-489f-81f6-e4218bb8db9b"
        },
        {
          "inputPort": "input",
          "mapping": "${8857665c-ac6b-461b-83b4-cd9b343ecec1.workItemId}",
          "sectionItemKey": "b1c5f9f5-cf80-49a8-97ea-b34a4372ead6"
        },
        {
          "inputPort": "input",
          "mapping": "${8857665c-ac6b-461b-83b4-cd9b343ecec1.workItemDescription}",
          "sectionItemKey": "4b3462b7-e0a5-4f31-9469-555991145547"
        },
        {
          "inputPort": "input",
          "mapping": "SREs",
          "sectionItemKey": "recipients"
        },
        {
          "inputPort": "input",
          "mapping": "${8857665c-ac6b-461b-83b4-cd9b343ecec1.workItemTeamProject}",
          "sectionItemKey": "e745d5ff-76d9-43ff-bf6f-ad695922ceef"
        },
        {
          "inputPort": "input",
          "mapping": "${8857665c-ac6b-461b-83b4-cd9b343ecec1.workItemTitle}",
          "sectionItemKey": "f4508084-1ce1-43db-bcc0-2181017878ef"
        },
        {
          "inputPort": "input",
          "mapping": "${8857665c-ac6b-461b-83b4-cd9b343ecec1.workItemUrl}",
          "sectionItemKey": "8caea4dd-62a4-4d68-9c28-21675e20938a"
        }
      ]
    }
  ],
  "edges": [
    {
      "fromBlock": "8857665c-ac6b-461b-83b4-cd9b343ecec1",
      "fromPort": "output",
      "toBlock": "a2ad461a-c0bf-47a5-a589-44867ae760b9",
      "toPort": "input"
    },
    {
      "fromBlock": "92c79e17-05fe-4bb4-8d93-84e37bc7de4b",
      "fromPort": "output",
      "toBlock": "5df1b3e1-0342-402f-99eb-3e4f5aa218f0",
      "toPort": "input"
    },
    {
      "fromBlock": "a1f5bd0a-d148-4b39-94c8-3500da4c6131",
      "fromPort": "output",
      "toBlock": "92c79e17-05fe-4bb4-8d93-84e37bc7de4b",
      "toPort": "input"
    },
    {
      "fromBlock": "a2ad461a-c0bf-47a5-a589-44867ae760b9",
      "fromPort": "2f398c93-97c1-4ddb-9995-af2e9a572dd2",
      "toBlock": "d60e7c40-a22e-4fde-9f5e-96e193ea5f92",
      "toPort": "input"
    },
    {
      "fromBlock": "a60f2dd7-9619-4245-9b10-a3d101b59220",
      "fromPort": "output",
      "toBlock": "bbb02ec4-04ff-4e33-8c44-039fa01ec3b0",
      "toPort": "input"
    },
    {
      "fromBlock": "d0885afa-13fb-4c67-bd96-0b8b529eb7c0",
      "fromPort": "output",
      "toBlock": "aac281f3-9c09-4998-9300-d406d6c0fa97",
      "toPort": "input"
    },
    {
      "fromBlock": "d60e7c40-a22e-4fde-9f5e-96e193ea5f92",
      "fromPort": "output",
      "toBlock": "b5edd192-2d6b-4c44-962a-72fe67fe800f",
      "toPort": "input"
    },
    {
      "fromBlock": "0787f199-a3f9-4ee8-95c5-5879c23d8947",
      "fromPort": "output",
      "toBlock": "cad53465-cf7b-4a59-876c-fb53a20fdd20",
      "toPort": "input"
    },
    {
      "fromBlock": "2248d9cd-125c-4eab-8c65-6445c25519c8",
      "fromPort": "output",
      "toBlock": "80c3c58b-8c10-4a51-b0b2-9b5eb4aa92b7",
      "toPort": "input"
    },
    {
      "fromBlock": "4dff727e-64fb-4af0-b16b-a120ab9944e1",
      "fromPort": "output",
      "toBlock": "8562c66f-2309-4eaa-8968-6ef4943dad1d",
      "toPort": "input"
    },
    {
      "fromBlock": "5df1b3e1-0342-402f-99eb-3e4f5aa218f0",
      "fromPort": "output",
      "toBlock": "a43d376f-4e9a-4eb6-8700-4978ff7456bc",
      "toPort": "input"
    }
  ]
}