{
  "name": "Work Item Created",
  "form": "4e0fc1cc-48b8-4d86-aa5e-e97b2bd14e63",
  "blocks": [
    {
      "id": "d0885afa-13fb-4c67-bd96-0b8b529eb7c0",
      "label": "Assign to Me",
      "environment": "HOSTED",
      "presentation": "{}",
      "step": "0bbce5fa-a474-4a1a-80b7-4b45a140998d",
      "stepType": "INTEGRATION"
    },
    {
      "id": "997c27ca-5cdd-4e0b-8dca-a197c8e4b2f9",
      "endpoint": "Azure DevOps",
      "label": "Azure DevOps - Add Comment",
      "environment": "HOSTED",
      "presentation": "{\"w\":60,\"x\":660,\"h\":60,\"y\":190}",
      "step": "54dc019d-5e18-406a-9011-092463e23b24",
      "stepType": "SCRIPT_STEP",
      "inputMappings": [
        {
          "inputPort": "input",
          "mapping": "false",
          "stepInput": "f633275d-0464-4d9b-b190-62a3486850d1"
        },
        {
          "inputPort": "input",
          "mapping": "${8857665c-ac6b-461b-83b4-cd9b343ecec1.organization}",
          "stepInput": "f5dd17b1-808c-45e2-9adc-bf0532616dde"
        },
        {
          "inputPort": "input",
          "mapping": "${8857665c-ac6b-461b-83b4-cd9b343ecec1.workItemTeamProject}",
          "stepInput": "f6558a48-f477-424a-a391-4d8b950f8368"
        },
        {
          "inputPort": "input",
          "mapping": "${8857665c-ac6b-461b-83b4-cd9b343ecec1.workItemId}",
          "stepInput": "745e8369-6342-4148-8d75-1e19ad037c0d"
        },
        {
          "inputPort": "input",
          "mapping": "Notification sent to ${d60e7c40-a22e-4fde-9f5e-96e193ea5f92.recipients}",
          "stepInput": "c9fdcfdf-a939-4fa0-ba7c-e14c1ad2cd7a"
        }
      ]
    },
    {
      "id": "0d3f1991-0b24-43ec-9e64-a6fd3114301e",
      "endpoint": "Azure DevOps",
      "label": "Azure DevOps - Add Comment",
      "environment": "HOSTED",
      "presentation": "{\"w\":60,\"x\":220,\"h\":60,\"y\":572}",
      "step": "54dc019d-5e18-406a-9011-092463e23b24",
      "stepType": "SCRIPT_STEP",
      "inputMappings": [
        {
          "inputPort": "input",
          "mapping": "false",
          "stepInput": "f633275d-0464-4d9b-b190-62a3486850d1"
        },
        {
          "inputPort": "input",
          "mapping": "${event.properties.organization}",
          "stepInput": "f5dd17b1-808c-45e2-9adc-bf0532616dde"
        },
        {
          "inputPort": "input",
          "mapping": "${event.properties.workItemTeamProject}",
          "stepInput": "f6558a48-f477-424a-a391-4d8b950f8368"
        },
        {
          "inputPort": "input",
          "mapping": "${event.properties.workItemId}",
          "stepInput": "745e8369-6342-4148-8d75-1e19ad037c0d"
        },
        {
          "inputPort": "input",
          "mapping": "Notification to ${triggerOutputDELIVERYSTATUS.notification.recipient.owner.firstName} ${triggerOutputDELIVERYSTATUS.notification.recipient.owner.lastName} (${triggerOutputDELIVERYSTATUS.notification.recipient.name}) ${triggerOutputDELIVERYSTATUS.notification.deliveryStatus}\n",
          "stepInput": "c9fdcfdf-a939-4fa0-ba7c-e14c1ad2cd7a"
        }
      ]
    },
    {
      "id": "42e06a39-65a1-4a05-a43d-ee39540270cb",
      "endpoint": "Azure DevOps",
      "label": "Azure DevOps - Add Comment",
      "environment": "HOSTED",
      "presentation": "{\"w\":60,\"x\":220,\"h\":60,\"y\":1104}",
      "step": "54dc019d-5e18-406a-9011-092463e23b24",
      "stepType": "SCRIPT_STEP",
      "inputMappings": [
        {
          "inputPort": "input",
          "mapping": "false",
          "stepInput": "f633275d-0464-4d9b-b190-62a3486850d1"
        },
        {
          "inputPort": "input",
          "mapping": "${event.properties.organization}",
          "stepInput": "f5dd17b1-808c-45e2-9adc-bf0532616dde"
        },
        {
          "inputPort": "input",
          "mapping": "${event.properties.workItemTeamProject}",
          "stepInput": "f6558a48-f477-424a-a391-4d8b950f8368"
        },
        {
          "inputPort": "input",
          "mapping": "${event.properties.workItemId}",
          "stepInput": "745e8369-6342-4148-8d75-1e19ad037c0d"
        },
        {
          "inputPort": "input",
          "mapping": "${triggerOutputRESPONSE.respondedTo.by.firstName} ${triggerOutputRESPONSE.respondedTo.by.lastName} requested issue to be assigned to them.",
          "stepInput": "c9fdcfdf-a939-4fa0-ba7c-e14c1ad2cd7a"
        }
      ]
    },
    {
      "id": "6c400775-2af5-4267-8f61-f41b2ef37abf",
      "endpoint": "Azure DevOps",
      "label": "Azure DevOps - Add Comment",
      "environment": "HOSTED",
      "presentation": "{\"w\":60,\"x\":440,\"h\":60,\"y\":1415}",
      "step": "54dc019d-5e18-406a-9011-092463e23b24",
      "stepType": "SCRIPT_STEP",
      "inputMappings": [
        {
          "inputPort": "input",
          "mapping": "false",
          "stepInput": "f633275d-0464-4d9b-b190-62a3486850d1"
        },
        {
          "inputPort": "input",
          "mapping": "${event.properties.organization}",
          "stepInput": "f5dd17b1-808c-45e2-9adc-bf0532616dde"
        },
        {
          "inputPort": "input",
          "mapping": "${event.properties.workItemTeamProject}",
          "stepInput": "f6558a48-f477-424a-a391-4d8b950f8368"
        },
        {
          "inputPort": "input",
          "mapping": "${event.properties.workItemId}",
          "stepInput": "745e8369-6342-4148-8d75-1e19ad037c0d"
        },
        {
          "inputPort": "input",
          "mapping": "${triggerOutputRESPONSE.respondedTo.by.firstName} ${triggerOutputRESPONSE.respondedTo.by.lastName} requested the work item be CLOSED",
          "stepInput": "c9fdcfdf-a939-4fa0-ba7c-e14c1ad2cd7a"
        }
      ]
    },
    {
      "id": "6ce9f813-be67-4499-9ce0-9334c8b7a0f6",
      "endpoint": "Azure DevOps",
      "label": "Azure DevOps - Add Comment",
      "environment": "HOSTED",
      "presentation": "{\"w\":60,\"x\":220,\"h\":60,\"y\":948}",
      "step": "54dc019d-5e18-406a-9011-092463e23b24",
      "stepType": "SCRIPT_STEP",
      "inputMappings": [
        {
          "inputPort": "input",
          "mapping": "false",
          "stepInput": "f633275d-0464-4d9b-b190-62a3486850d1"
        },
        {
          "inputPort": "input",
          "mapping": "${event.properties.organization}",
          "stepInput": "f5dd17b1-808c-45e2-9adc-bf0532616dde"
        },
        {
          "inputPort": "input",
          "mapping": "${event.properties.workItemTeamProject}",
          "stepInput": "f6558a48-f477-424a-a391-4d8b950f8368"
        },
        {
          "inputPort": "input",
          "mapping": "${event.properties.workItemId}",
          "stepInput": "745e8369-6342-4148-8d75-1e19ad037c0d"
        },
        {
          "inputPort": "input",
          "mapping": "${triggerOutputRESPONSE.respondedTo.by.firstName} ${triggerOutputRESPONSE.respondedTo.by.lastName} dismissed the notification\n",
          "stepInput": "c9fdcfdf-a939-4fa0-ba7c-e14c1ad2cd7a"
        }
      ]
    },
    {
      "id": "76cf24c6-c7a8-4780-9e91-3566ed04e4e0",
      "endpoint": "Azure DevOps",
      "label": "Azure DevOps - Add Comment",
      "environment": "HOSTED",
      "presentation": "{\"w\":60,\"x\":440,\"h\":60,\"y\":1973}",
      "step": "54dc019d-5e18-406a-9011-092463e23b24",
      "stepType": "SCRIPT_STEP",
      "inputMappings": [
        {
          "inputPort": "input",
          "mapping": "false",
          "stepInput": "f633275d-0464-4d9b-b190-62a3486850d1"
        },
        {
          "inputPort": "input",
          "mapping": "${event.properties.organization}",
          "stepInput": "f5dd17b1-808c-45e2-9adc-bf0532616dde"
        },
        {
          "inputPort": "input",
          "mapping": "${event.properties.workItemTeamProject}",
          "stepInput": "f6558a48-f477-424a-a391-4d8b950f8368"
        },
        {
          "inputPort": "input",
          "mapping": "${event.properties.workItemId}",
          "stepInput": "745e8369-6342-4148-8d75-1e19ad037c0d"
        },
        {
          "inputPort": "input",
          "mapping": "${triggerOutputANNOTATION.annotation.author.firstName} ${triggerOutputANNOTATION.annotation.author.lastName} - ${triggerOutputANNOTATION.annotation.comment}",
          "stepInput": "c9fdcfdf-a939-4fa0-ba7c-e14c1ad2cd7a"
        }
      ]
    },
    {
      "id": "4858eb48-e7df-48ba-a5bc-72cb70c25082",
      "endpoint": "Azure DevOps",
      "label": "Azure DevOps - Create Work Item",
      "environment": "HOSTED",
      "presentation": "{\"w\":60,\"x\":880,\"h\":60,\"y\":1823}",
      "step": "f13e3dee-80d9-417c-b860-77649a382ba1",
      "stepType": "SCRIPT_STEP",
      "inputMappings": [
        {
          "inputPort": "input",
          "mapping": "false",
          "stepInput": "af36e106-6265-4e4e-a20d-94d0b6fdfdf1"
        },
        {
          "inputPort": "input",
          "mapping": "true",
          "stepInput": "edc5ceaa-1ee9-4e52-a988-038ce0e58da9"
        },
        {
          "inputPort": "input",
          "mapping": "${event.properties.organization}",
          "stepInput": "3755a9b1-a805-4d95-b837-9ff158facbaa"
        },
        {
          "inputPort": "input",
          "mapping": "${event.properties.workItemTeamProject}",
          "stepInput": "d6424137-142e-480e-b0f2-ad645289a228"
        },
        {
          "inputPort": "input",
          "mapping": "Task",
          "stepInput": "c8e993ad-6e4b-488b-9751-2749958e9d4f"
        },
        {
          "inputPort": "input",
          "mapping": "${triggerOutputANNOTATION.annotation.comment}",
          "stepInput": "a8cc0d25-14a4-4c11-95bc-5462d1ac1e42"
        },
        {
          "inputPort": "input",
          "mapping": "${triggerOutputANNOTATION.annotation.comment}",
          "stepInput": "929fdfc9-9842-46f8-b98d-f8f18fe15aec"
        },
        {
          "inputPort": "input",
          "mapping": "Parent:${event.properties.workItemId}",
          "stepInput": "df5764e1-ad2f-48ac-a31a-6db760f1dd46"
        },
        {
          "inputPort": "input",
          "mapping": "${f2a22537-8253-47f8-8b47-3bdcee5721b8.descriptor}",
          "stepInput": "958ee030-11d6-429b-abf8-8214ba7f2011"
        },
        {
          "inputPort": "input",
          "mapping": "${event.properties.workItemId}",
          "stepInput": "23bd2bc2-5719-4c7b-bed2-f8895a3bb1c1"
        }
      ]
    },
    {
      "id": "c9865f25-74ad-4670-9665-efb6116363a4",
      "endpoint": "Azure DevOps - Management",
      "label": "Azure DevOps - Get User Descriptor",
      "environment": "HOSTED",
      "presentation": "{\"w\":60,\"x\":660,\"h\":60,\"y\":1104}",
      "step": "ccdedbc1-3de3-4bc3-90be-bd2723c2f6bd",
      "stepType": "SCRIPT_STEP",
      "inputMappings": [
        {
          "inputPort": "input",
          "mapping": "false",
          "stepInput": "92edb680-71e4-4854-905e-9e9b4cfff1f1"
        },
        {
          "inputPort": "input",
          "mapping": "${event.properties.organization}",
          "stepInput": "d01e00d6-6942-465f-97ec-d0b26ce1c8b9"
        },
        {
          "inputPort": "input",
          "mapping": "${43cbc90a-0ce3-419f-bd03-20f4155043cf.Work Email}",
          "stepInput": "d0fc3a69-6bbc-4ad8-a7ed-70cae637260c"
        }
      ]
    },
    {
      "id": "f2a22537-8253-47f8-8b47-3bdcee5721b8",
      "endpoint": "Azure DevOps - Management",
      "label": "Azure DevOps - Get User Descriptor",
      "environment": "HOSTED",
      "presentation": "{\"w\":60,\"x\":660,\"h\":60,\"y\":1823}",
      "step": "ccdedbc1-3de3-4bc3-90be-bd2723c2f6bd",
      "stepType": "SCRIPT_STEP",
      "inputMappings": [
        {
          "inputPort": "input",
          "mapping": "false",
          "stepInput": "92edb680-71e4-4854-905e-9e9b4cfff1f1"
        },
        {
          "inputPort": "input",
          "mapping": "${event.properties.organization}",
          "stepInput": "d01e00d6-6942-465f-97ec-d0b26ce1c8b9"
        },
        {
          "inputPort": "input",
          "mapping": "${e2291c78-6778-45b7-bda6-60e162780a39.Work Email}",
          "stepInput": "d0fc3a69-6bbc-4ad8-a7ed-70cae637260c"
        }
      ]
    },
    {
      "id": "b8a1da15-8431-4ab0-9a70-a58019cf811c",
      "endpoint": "Azure DevOps",
      "label": "Azure DevOps - Update Work Item",
      "environment": "HOSTED",
      "presentation": "{\"w\":60,\"x\":220,\"h\":60,\"y\":1415}",
      "step": "a1022c52-9277-4da0-a6cf-14d6e00475ed",
      "stepType": "SCRIPT_STEP",
      "inputMappings": [
        {
          "inputPort": "input",
          "mapping": "false",
          "stepInput": "33b87b07-8328-4ac3-9e1a-5fcb84d70786"
        },
        {
          "inputPort": "input",
          "mapping": "true",
          "stepInput": "8d342db6-4570-4e09-99c9-6e49171449f9"
        },
        {
          "inputPort": "input",
          "mapping": "${event.properties.organization}",
          "stepInput": "4f819a6c-35c9-4c93-a715-dbc3db78d932"
        },
        {
          "inputPort": "input",
          "mapping": "${event.properties.workItemTeamProject}",
          "stepInput": "377038bd-5af2-4a51-aa53-44367eadb38f"
        },
        {
          "inputPort": "input",
          "mapping": "${event.properties.workItemId}",
          "stepInput": "c796954c-e65d-4dd6-9078-8dba99f9ab8d"
        },
        {
          "inputPort": "input",
          "mapping": "Closed",
          "stepInput": "b47f19b7-58af-40d8-88df-38f39b9d3644"
        }
      ]
    },
    {
      "id": "c6c84519-e201-4118-8ed3-ba52b35bcee4",
      "endpoint": "Azure DevOps",
      "label": "Azure DevOps - Update Work Item",
      "environment": "HOSTED",
      "presentation": "{\"w\":60,\"x\":880,\"h\":60,\"y\":1104}",
      "step": "a1022c52-9277-4da0-a6cf-14d6e00475ed",
      "stepType": "SCRIPT_STEP",
      "inputMappings": [
        {
          "inputPort": "input",
          "mapping": "false",
          "stepInput": "33b87b07-8328-4ac3-9e1a-5fcb84d70786"
        },
        {
          "inputPort": "input",
          "mapping": "true",
          "stepInput": "8d342db6-4570-4e09-99c9-6e49171449f9"
        },
        {
          "inputPort": "input",
          "mapping": "${event.properties.organization}",
          "stepInput": "4f819a6c-35c9-4c93-a715-dbc3db78d932"
        },
        {
          "inputPort": "input",
          "mapping": "${event.properties.workItemTeamProject}",
          "stepInput": "377038bd-5af2-4a51-aa53-44367eadb38f"
        },
        {
          "inputPort": "input",
          "mapping": "${event.properties.workItemId}",
          "stepInput": "c796954c-e65d-4dd6-9078-8dba99f9ab8d"
        },
        {
          "inputPort": "input",
          "mapping": "${c9865f25-74ad-4670-9665-efb6116363a4.descriptor}",
          "stepInput": "4758550c-e369-412d-9eb4-81f1ced7233e"
        }
      ]
    },
    {
      "id": "a1f5bd0a-d148-4b39-94c8-3500da4c6131",
      "label": "Close Work Item",
      "environment": "HOSTED",
      "presentation": "{}",
      "step": "6cffbb5b-b9ad-43cd-b2d7-5809483d2163",
      "stepType": "INTEGRATION"
    },
    {
      "id": "0787f199-a3f9-4ee8-95c5-5879c23d8947",
      "label": "Create Related Task",
      "environment": "HOSTED",
      "presentation": "{}",
      "step": "cf8f56f1-474e-455f-b06f-44a51989ad23",
      "stepType": "INTEGRATION"
    },
    {
      "id": "4dff727e-64fb-4af0-b16b-a120ab9944e1",
      "label": "Dismiss",
      "environment": "HOSTED",
      "presentation": "{}",
      "step": "f7cd93e8-68b6-4c03-bbf0-3b3558615e10",
      "stepType": "INTEGRATION"
    },
    {
      "id": "e2291c78-6778-45b7-bda6-60e162780a39",
      "endpoint": "xMatters",
      "label": "Get a Persons Email",
      "environment": "HOSTED",
      "presentation": "{\"w\":60,\"x\":440,\"h\":60,\"y\":1823}",
      "step": "d492e5aa-6dc2-4869-a223-a9da8eec7133",
      "stepType": "SCRIPT_STEP",
      "inputMappings": [
        {
          "inputPort": "input",
          "mapping": "${triggerOutputANNOTATION.annotation.author.id}",
          "stepInput": "8e82aac7-92c9-4334-9117-10f2a39837e4"
        }
      ]
    },
    {
      "id": "43cbc90a-0ce3-419f-bd03-20f4155043cf",
      "endpoint": "xMatters",
      "label": "Get a Persons Email",
      "environment": "HOSTED",
      "presentation": "{\"w\":60,\"x\":440,\"h\":60,\"y\":1104}",
      "step": "d492e5aa-6dc2-4869-a223-a9da8eec7133",
      "stepType": "SCRIPT_STEP",
      "inputMappings": [
        {
          "inputPort": "input",
          "mapping": "${triggerOutputRESPONSE.respondedTo.by.id}",
          "stepInput": "8e82aac7-92c9-4334-9117-10f2a39837e4"
        }
      ]
    },
    {
      "id": "762c3a61-eae5-4403-89ff-992344c254fc",
      "label": "Responses",
      "environment": "HOSTED",
      "presentation": "{\"w\":100,\"x\":0,\"h\":50,\"y\":792}",
      "stepType": "RESPONSES"
    },
    {
      "id": "a2ad461a-c0bf-47a5-a589-44867ae760b9",
      "label": "Switch",
      "environment": "HOSTED",
      "presentation": "{\"w\":60,\"x\":220,\"h\":60,\"y\":55}",
      "stepType": "SWITCH",
      "inputMappings": [
        {
          "inputPort": "input",
          "mapping": "${8857665c-ac6b-461b-83b4-cd9b343ecec1.notificationEventType}"
        }
      ],
      "switchCases": [
        {
          "caseId": "2f398c93-97c1-4ddb-9995-af2e9a572dd2",
          "caseValue": "workitem.created"
        }
      ]
    },
    {
      "id": "724083bf-f2be-4cd8-a847-115fda9e6ebc",
      "label": "Switch",
      "environment": "HOSTED",
      "presentation": "{\"w\":60,\"x\":220,\"h\":60,\"y\":1688}",
      "stepType": "SWITCH",
      "inputMappings": [
        {
          "inputPort": "input",
          "mapping": "${triggerOutputANNOTATION.annotation.response.response}"
        }
      ],
      "switchCases": [
        {
          "caseId": "c43e5879-e154-4059-9ff7-c988bc0a18eb",
          "caseValue": "Create Related Task"
        }
      ]
    },
    {
      "id": "a43d376f-4e9a-4eb6-8700-4978ff7456bc",
      "label": "Terminate Events",
      "environment": "HOSTED",
      "presentation": "{\"w\":60,\"x\":660,\"h\":60,\"y\":1415}",
      "step": "798e3053-b4b4-5e8c-ba84-8a11c3be6237",
      "stepType": "SCRIPT_STEP",
      "inputMappings": [
        {
          "inputPort": "input",
          "mapping": "${event.id}",
          "stepInput": "4fdf2591-4925-5682-8911-f0163d7f98dd"
        }
      ]
    },
    {
      "id": "8857665c-ac6b-461b-83b4-cd9b343ecec1",
      "label": "Work Item Created - Azure DevOps - Work Item Event",
      "environment": "HOSTED",
      "presentation": "{\"w\":60,\"x\":0,\"h\":60,\"y\":40}",
      "step": "6d12498d-067e-4184-81f1-4e97bd0f26d1",
      "stepType": "INTEGRATION"
    },
    {
      "id": "2248d9cd-125c-4eab-8c65-6445c25519c8",
      "label": "Work Item Created - Device Delivery Updates",
      "environment": "HOSTED",
      "presentation": "{\"w\":60,\"x\":0,\"h\":60,\"y\":572}",
      "step": "bb4873b5-0616-45dc-8090-76440e26c798",
      "stepType": "INTEGRATION"
    },
    {
      "id": "a60f2dd7-9619-4245-9b10-a3d101b59220",
      "label": "Work Item Created - Event Comments",
      "environment": "HOSTED",
      "presentation": "{\"w\":60,\"x\":0,\"h\":60,\"y\":1673}",
      "step": "d3fddb9d-7ea8-4d59-b9f7-00b41d696b54",
      "stepType": "INTEGRATION"
    },
    {
      "id": "d60e7c40-a22e-4fde-9f5e-96e193ea5f92",
      "label": "xMatters Create Event - Work Item Created",
      "environment": "HOSTED",
      "presentation": "{\"w\":60,\"x\":440,\"h\":60,\"y\":190}",
      "step": "4e0fc1cc-48b8-4d86-aa5e-e97b2bd14e63",
      "stepType": "CREATE_EVENT",
      "inputMappings": [
        {
          "inputPort": "input",
          "mapping": "${8857665c-ac6b-461b-83b4-cd9b343ecec1.organization}",
          "sectionItemKey": "96bf0a67-a73f-489f-81f6-e4218bb8db9b"
        },
        {
          "inputPort": "input",
          "mapping": "${8857665c-ac6b-461b-83b4-cd9b343ecec1.workItemId}",
          "sectionItemKey": "b1c5f9f5-cf80-49a8-97ea-b34a4372ead6"
        },
        {
          "inputPort": "input",
          "mapping": "${8857665c-ac6b-461b-83b4-cd9b343ecec1.workItemDescription}",
          "sectionItemKey": "4b3462b7-e0a5-4f31-9469-555991145547"
        },
        {
          "inputPort": "input",
          "mapping": "xmemaxwell/Developers",
          "sectionItemKey": "recipients"
        },
        {
          "inputPort": "input",
          "mapping": "${8857665c-ac6b-461b-83b4-cd9b343ecec1.workItemTeamProject}",
          "sectionItemKey": "e745d5ff-76d9-43ff-bf6f-ad695922ceef"
        },
        {
          "inputPort": "input",
          "mapping": "${8857665c-ac6b-461b-83b4-cd9b343ecec1.workItemTitle}",
          "sectionItemKey": "f4508084-1ce1-43db-bcc0-2181017878ef"
        },
        {
          "inputPort": "input",
          "mapping": "${8857665c-ac6b-461b-83b4-cd9b343ecec1.workItemUrl}",
          "sectionItemKey": "8caea4dd-62a4-4d68-9c28-21675e20938a"
        }
      ]
    }
  ],
  "edges": [
    {
      "fromBlock": "8857665c-ac6b-461b-83b4-cd9b343ecec1",
      "fromPort": "output",
      "toBlock": "a2ad461a-c0bf-47a5-a589-44867ae760b9",
      "toPort": "input"
    },
    {
      "fromBlock": "a1f5bd0a-d148-4b39-94c8-3500da4c6131",
      "fromPort": "output",
      "toBlock": "b8a1da15-8431-4ab0-9a70-a58019cf811c",
      "toPort": "input"
    },
    {
      "fromBlock": "a2ad461a-c0bf-47a5-a589-44867ae760b9",
      "fromPort": "2f398c93-97c1-4ddb-9995-af2e9a572dd2",
      "toBlock": "d60e7c40-a22e-4fde-9f5e-96e193ea5f92",
      "toPort": "input"
    },
    {
      "fromBlock": "a60f2dd7-9619-4245-9b10-a3d101b59220",
      "fromPort": "output",
      "toBlock": "724083bf-f2be-4cd8-a847-115fda9e6ebc",
      "toPort": "input"
    },
    {
      "fromBlock": "b8a1da15-8431-4ab0-9a70-a58019cf811c",
      "fromPort": "defaultTargetPort",
      "toBlock": "6c400775-2af5-4267-8f61-f41b2ef37abf",
      "toPort": "input"
    },
    {
      "fromBlock": "c9865f25-74ad-4670-9665-efb6116363a4",
      "fromPort": "output",
      "toBlock": "c6c84519-e201-4118-8ed3-ba52b35bcee4",
      "toPort": "input"
    },
    {
      "fromBlock": "d0885afa-13fb-4c67-bd96-0b8b529eb7c0",
      "fromPort": "output",
      "toBlock": "42e06a39-65a1-4a05-a43d-ee39540270cb",
      "toPort": "input"
    },
    {
      "fromBlock": "d60e7c40-a22e-4fde-9f5e-96e193ea5f92",
      "fromPort": "output",
      "toBlock": "997c27ca-5cdd-4e0b-8dca-a197c8e4b2f9",
      "toPort": "input"
    },
    {
      "fromBlock": "e2291c78-6778-45b7-bda6-60e162780a39",
      "fromPort": "output",
      "toBlock": "f2a22537-8253-47f8-8b47-3bdcee5721b8",
      "toPort": "input"
    },
    {
      "fromBlock": "f2a22537-8253-47f8-8b47-3bdcee5721b8",
      "fromPort": "output",
      "toBlock": "4858eb48-e7df-48ba-a5bc-72cb70c25082",
      "toPort": "input"
    },
    {
      "fromBlock": "2248d9cd-125c-4eab-8c65-6445c25519c8",
      "fromPort": "output",
      "toBlock": "0d3f1991-0b24-43ec-9e64-a6fd3114301e",
      "toPort": "input"
    },
    {
      "fromBlock": "42e06a39-65a1-4a05-a43d-ee39540270cb",
      "fromPort": "output",
      "toBlock": "43cbc90a-0ce3-419f-bd03-20f4155043cf",
      "toPort": "input"
    },
    {
      "fromBlock": "43cbc90a-0ce3-419f-bd03-20f4155043cf",
      "fromPort": "output",
      "toBlock": "c9865f25-74ad-4670-9665-efb6116363a4",
      "toPort": "input"
    },
    {
      "fromBlock": "4dff727e-64fb-4af0-b16b-a120ab9944e1",
      "fromPort": "output",
      "toBlock": "6ce9f813-be67-4499-9ce0-9334c8b7a0f6",
      "toPort": "input"
    },
    {
      "fromBlock": "6c400775-2af5-4267-8f61-f41b2ef37abf",
      "fromPort": "output",
      "toBlock": "a43d376f-4e9a-4eb6-8700-4978ff7456bc",
      "toPort": "input"
    },
    {
      "fromBlock": "724083bf-f2be-4cd8-a847-115fda9e6ebc",
      "fromPort": "c43e5879-e154-4059-9ff7-c988bc0a18eb",
      "toBlock": "e2291c78-6778-45b7-bda6-60e162780a39",
      "toPort": "input"
    },
    {
      "fromBlock": "724083bf-f2be-4cd8-a847-115fda9e6ebc",
      "fromPort": "output",
      "toBlock": "76cf24c6-c7a8-4780-9e91-3566ed04e4e0",
      "toPort": "input"
    }
  ]
}