[
  {
    "baseType": 3,
    "name": "organization",
    "defaultValue": "",
    "description": "The Azure DevOps organization name",
    "helpText": "",
    "isSystem": false,
    "minLength": 1,
    "maxLength": 250,
    "validationRegex": "",
    "isValidate": false,
    "uuid": "96bf0a67-a73f-489f-81f6-e4218bb8db9b"
  },
  {
    "baseType": 3,
    "name": "workItemDescription",
    "defaultValue": "",
    "description": "Description of the work item",
    "helpText": "",
    "isSystem": false,
    "minLength": 0,
    "maxLength": 20000,
    "validationRegex": "",
    "isValidate": false,
    "uuid": "4b3462b7-e0a5-4f31-9469-555991145547"
  },
  {
    "baseType": 3,
    "name": "workItemId",
    "defaultValue": "",
    "description": "ID of the work item",
    "helpText": "",
    "isSystem": false,
    "minLength": 1,
    "maxLength": 250,
    "validationRegex": "",
    "isValidate": false,
    "uuid": "b1c5f9f5-cf80-49a8-97ea-b34a4372ead6"
  },
  {
    "baseType": 3,
    "name": "workItemTeamProject",
    "defaultValue": "",
    "description": "Name of the project the work item is in",
    "helpText": "",
    "isSystem": false,
    "minLength": 1,
    "maxLength": 250,
    "validationRegex": "",
    "isValidate": false,
    "uuid": "e745d5ff-76d9-43ff-bf6f-ad695922ceef"
  },
  {
    "baseType": 3,
    "name": "workItemTitle",
    "defaultValue": "",
    "description": "Title of the work item",
    "helpText": "",
    "isSystem": false,
    "minLength": 0,
    "maxLength": 2000,
    "validationRegex": "",
    "isValidate": false,
    "uuid": "f4508084-1ce1-43db-bcc0-2181017878ef"
  },
  {
    "baseType": 3,
    "name": "workItemUrl",
    "defaultValue": "",
    "description": "URL to the work item",
    "helpText": "",
    "isSystem": false,
    "minLength": 0,
    "maxLength": 20000,
    "validationRegex": "",
    "isValidate": false,
    "uuid": "8caea4dd-62a4-4d68-9c28-21675e20938a"
  }
]